Name,2002,2003,2004,2005,2006,2007,2008,2009,2010,2011,2012,2013,2014,2015
2S          ,,,,,,,,  0.24 ,  0.19 ,  0.22 ,  0.18 ,  0.23 ,  0.14 ,  0.11 
A           ,,,  0.10 ,  0.01 ,  0.01 ,  (0.09),  0.04 ,  0.58 ,  0.48 ,  0.08 ,  0.10 ,  0.01 ,  0.04 ,  0.22 
ACAP        ,,,,  0.22 ,  0.16 ,  0.74 ,  (0.52),  0.45 ,  0.89 ,  1.57 ,  (0.25),  (0.43),  (0.17),  (0.10)
ADAM        ,,  0.09 ,  0.31 ,  (0.35),  (0.91),  (0.18),  (0.26),  (0.18),  (0.22),  (0.04),  (0.18),  (0.05),  (0.19),  (2.96)
ADVANC      ,  3.89 ,  6.30 ,  6.88 ,  6.41 ,  5.50 ,  5.51 ,  5.54 ,  5.75 ,  6.92 ,  7.47 ,  11.73 ,  12.20 ,  12.12 ,  13.17 
AEONTS      ,  0.23 ,  0.37 ,  0.50 ,  3.14 ,  3.92 ,  4.36 ,  4.69 ,  4.77 ,  3.94 ,  3.84 ,  0.64 ,  6.75 ,  10.01 ,  9.67 
AF          ,,,  0.01 ,  (0.01),  0.01 ,  0.02 ,  0.02 ,  0.02 ,  0.02 ,  0.04 ,  0.03 ,  0.05 ,  0.02 ,  0.00 
AFC         ,  1.15 ,  2.19 ,  1.58 ,  0.48 ,  (1.73),  (0.60),  (0.95),  0.07 ,  0.44 ,  1.22 ,  (0.50),  0.19 ,  0.31 ,  (1.15)
AGE         ,,,,,,,,  0.00 ,  0.12 ,  0.17 ,  (0.02),  0.06 ,  (0.02),  0.07 
AH          ,  0.09 ,  1.08 ,  2.65 ,  2.47 ,  1.32 ,  1.22 ,  0.84 ,  (0.38),  1.31 ,  (1.43),  3.37 ,  1.89 ,  1.14 ,  0.97 
AHC         ,  0.45 ,  0.50 ,  0.53 ,  0.69 ,  0.64 ,  0.23 ,  0.44 ,  0.30 ,  0.56 ,  0.68 ,  1.15 ,  1.27 ,  1.21 ,  1.07 
AI          ,,,  0.02 ,  0.08 ,  0.01 ,  0.08 ,  0.06 ,  0.04 ,  0.09 ,  0.02 ,  0.07 ,  0.09 ,  0.10 ,  0.07 
AIT         ,,  0.44 ,  0.28 ,  0.26 ,  0.75 ,  0.58 ,  1.31 ,  1.92 ,  2.19 ,  2.43 ,  1.99 ,  2.75 ,  3.19 ,  2.58 
AJ          ,  1.18 ,  0.85 ,  0.80 ,  0.48 ,  0.28 ,  0.36 ,  0.45 ,  0.80 ,  2.74 ,  2.20 ,  0.48 ,  (0.25),  (0.62),  0.01 
AKR         ,,,,,  0.14 ,  0.05 ,  (0.05),  (0.25),  (0.36),  (0.11),  0.11 ,  0.38 ,  0.08 ,  0.07 
ALUCON      ,  5.47 ,  4.65 ,  5.59 ,  5.33 ,  5.62 ,  6.90 ,  11.89 ,  13.20 ,  12.58 ,  10.51 ,  13.90 ,  15.72 ,  17.38 ,  17.94 
AMANAH      ,  0.01 ,  0.12 ,  0.14 ,  0.03 ,  0.02 ,  0.02 ,  (0.16),  0.00 ,  0.00 ,  0.01 ,  0.02 ,  (0.06),  (0.24),  (0.14)
AMATA       ,  0.84 ,  0.76 ,  0.87 ,  1.01 ,  0.73 ,  0.99 ,  1.12 ,  0.30 ,  0.90 ,  0.87 ,  1.35 ,  1.42 ,  2.08 ,  1.14 
AMC         ,,,  0.14 ,  0.20 ,  0.43 ,  0.08 ,  0.26 ,  0.21 ,  0.18 ,  0.24 ,  0.34 ,  0.34 ,  (0.04),  (0.50)
AOT         ,,,  3.34 ,  5.19 ,  7.26 ,  0.77 ,  5.12 ,  0.50 ,  0.99 ,  1.77 ,  4.55 ,  11.44 ,  8.55 ,  13.11 
AP          ,  0.26 ,  0.40 ,  0.37 ,  0.26 ,  0.44 ,  0.29 ,  0.53 ,  0.61 ,  0.72 ,  0.50 ,  0.74 ,  0.64 ,  0.83 ,  0.83 
APCO        ,,,,,,,,,,  0.02 ,  0.02 ,  0.03 ,  0.04 ,  0.04 
APCS        ,,,,,,,,,,  0.15 ,  0.17 ,  (0.03),  (0.12),  (0.01)
APURE       ,  0.00 ,  (0.18),  (0.01),  0.03 ,  0.02 ,  (0.18),  (0.13),  0.05 ,  (0.09),  0.02 ,  0.09 ,  0.02 ,  0.11 ,  0.10 
APX         ,,,,,  19.55 ,  (0.01),  (0.07),  (0.07),  (0.15),  (0.08),  (0.05),  (0.05),  0.01 ,  0.03 
AQUA        ,,,  0.12 ,  (0.11),  (0.23),  (0.10),  (0.03),  (0.03),  (0.03),  0.00 ,  0.02 ,  0.16 ,  0.06 ,  0.06 
ARIP        ,,,,,,,,,  0.09 ,  0.05 ,  0.07 ,  0.07 ,  (0.03),  (0.02)
AS          ,,,,,,,  0.59 ,  0.58 ,  0.84 ,  0.94 ,  0.99 ,  0.17 ,  (1.27),  (1.55)
ASIA        ,  (0.92),  0.85 ,  (1.56),  50.02 ,  4.97 ,  (1.40),  32.74 ,  5.39 ,  0.57 ,  1.80 ,  5.52 ,  15.60 ,  6.25 ,  11.28 
ASIAN       ,  0.45 ,  0.96 ,  0.88 ,  0.73 ,  0.06 ,  (1.25),  0.85 ,  0.31 ,  0.51 ,  0.64 ,  0.08 ,  (0.55),  (0.36),  0.50 
ASIMAR      ,  0.57 ,  0.11 ,  0.06 ,  0.15 ,  (0.02),  0.07 ,  0.23 ,  (0.28),  0.03 ,  0.21 ,  0.23 ,  0.25 ,  0.16 ,  0.35 
ASK         ,,,,  0.54 ,  0.47 ,  0.66 ,  0.71 ,  0.77 ,  1.15 ,  1.32 ,  1.39 ,  1.82 ,  1.91 ,  1.93 
ASP         ,  0.21 ,  0.60 ,  (1.68),  0.25 ,  0.18 ,  0.22 ,  0.10 ,  0.22 ,  0.36 ,  0.24 ,  0.29 ,  0.51 ,  0.39 ,  0.26 
AYUD        ,  1.14 ,  1.53 ,  1.13 ,  0.86 ,  1.44 ,  1.63 ,  1.43 ,  1.10 ,  1.29 ,  (1.82),  0.38 ,  2.36 ,  7.45 ,  2.71 
BAFS        ,  0.50 ,  0.49 ,  0.57 ,  0.65 ,  0.72 ,  0.85 ,  0.69 ,  0.73 ,  0.82 ,  0.83 ,  1.25 ,  1.65 ,  1.19 ,  1.50 
BANPU       ,  0.51 ,  0.57 ,  1.01 ,  1.55 ,  1.00 ,  1.85 ,  2.56 ,  3.95 ,  6.87 ,  5.58 ,  2.58 ,  0.88 ,  0.78 ,  (0.45)
BAT-3K      ,  7.76 ,  6.24 ,  9.85 ,  9.67 ,  7.52 ,  14.82 ,  (23.59),  15.14 ,  10.20 ,  11.50 ,  (13.47),  5.97 ,  10.26 ,  11.00 
BAY         ,  1.15 ,  1.07 ,  1.63 ,  2.10 ,  0.35 ,  (0.69),  0.81 ,  1.10 ,  1.45 ,  1.53 ,  2.41 ,  1.95 ,  2.33 ,  2.53 
BBL         ,  4.28 ,  5.95 ,  9.23 ,  10.64 ,  9.35 ,  10.07 ,  10.60 ,  10.88 ,  12.88 ,  14.32 ,  17.30 ,  18.81 ,  19.03 ,  17.91 
BCP         ,  1.02 ,  (2.49),  3.99 ,  4.26 ,  0.17 ,  1.58 ,  (0.67),  6.43 ,  2.25 ,  4.07 ,  3.10 ,  3.38 ,  0.52 ,  3.01 
BEC         ,  0.08 ,  0.10 ,  0.80 ,  0.44 ,  0.82 ,  1.13 ,  1.44 ,  1.32 ,  1.65 ,  1.77 ,  2.39 ,  2.79 ,  2.21 ,  1.49 
BFIT        ,  0.81 ,  0.81 ,  0.87 ,  1.33 ,  1.48 ,  0.62 ,  0.38 ,  0.13 ,  0.35 ,,  0.48 ,  0.51 ,  0.48 ,  0.49 
BGT         ,,,,,,  0.02 ,  0.03 ,  0.13 ,  0.17 ,  0.20 ,  0.11 ,  0.06 ,  (0.01),  0.02 
BH          ,  0.51 ,  1.01 ,  1.28 ,  1.45 ,  1.51 ,  2.20 ,  1.64 ,  1.71 ,  1.73 ,  2.18 ,  3.66 ,  3.46 ,  3.75 ,  4.72 
BIGC        ,  1.61 ,  1.76 ,  2.00 ,  2.35 ,  2.65 ,  3.12 ,  3.56 ,  3.58 ,  3.60 ,  6.54 ,  7.36 ,  8.46 ,  8.77 ,  8.36 
BJC         ,  0.43 ,  0.75 ,  0.75 ,  0.60 ,  0.55 ,  0.79 ,  0.68 ,  0.79 ,  1.20 ,  1.37 ,  1.52 ,  1.53 ,  1.05 ,  1.75 
BKI         ,  4.35 ,  5.93 ,  5.74 ,  5.59 ,  5.57 ,  6.65 ,  8.28 ,  8.82 ,  11.57 ,  0.49 ,  5.88 ,  16.42 ,  21.66 ,  22.00 
BLA         ,,,,,,,,  0.71 ,  1.66 ,  2.03 ,  1.94 ,  2.58 ,  1.57 ,  2.41 
BLAND       ,  (0.32),  (0.15),  0.20 ,  (0.16),  0.19 ,  0.02 ,  0.34 ,  0.10 ,  0.03 ,  0.04 ,  0.03 ,  0.13 ,  0.10 ,  0.06 
BLISS       ,,,  0.00 ,  0.03 ,  (0.12),  0.07 ,  (0.19),  (0.03),  0.01 ,  (0.01),  (0.01),  0.00 ,  0.00 ,  0.00 
BOL         ,,,  0.00 ,  0.00 ,  0.00 ,  0.08 ,  0.10 ,  0.09 ,  0.09 ,  0.11 ,  0.11 ,  0.11 ,  0.10 ,  0.08 
BRC         ,  (18.75),  (18.89),  (3.26),  (0.32),  0.34 ,  0.34 ,  1.13 ,  0.57 ,  (6.36),  (7.27),  1.58 ,  1.27 ,  1.29 ,  1.46 
BROCK       ,,,,,,  0.08 ,  0.08 ,  0.02 ,  0.01 ,  0.01 ,  0.03 ,  (0.02),  0.01 ,  0.01 
BROOK       ,  (0.12),  0.00 ,  (0.01),  (0.01),  0.03 ,  0.01 ,  (0.01),  0.02 ,  0.05 ,  (0.01),  0.09 ,  0.07 ,  0.06 ,  0.17 
BSBM        ,,,,  (0.15),  0.23 ,  0.14 ,  0.11 ,  0.10 ,  0.14 ,  0.09 ,  (0.01),  0.09 ,  0.01 ,  (0.08)
BSM         ,,,,,,,  0.00 ,  0.01 ,  (0.02),  (0.01),  0.01 ,  0.03 ,  0.02 ,  0.01 
BTC         ,,  0.06 ,  0.07 ,  0.04 ,  (0.01),  (0.06),  (0.20),  (0.13),  (0.12),  (0.10),,  (0.10),  (0.02),  (0.01)
BTNC        ,  0.48 ,  0.85 ,  1.16 ,  1.18 ,  (1.68),  0.66 ,  0.26 ,  0.58 ,  1.51 ,  1.14 ,  0.19 ,  (0.00),  (0.43),  (0.65)
BTS         ,,,,  (4.16),  (4.96),  28.93 ,  1.10 ,  0.02 ,  0.17 ,  0.03 ,  0.23 ,  0.22 ,  1.06 ,  0.25 
BUI         ,  0.73 ,  0.33 ,  1.16 ,  1.05 ,  0.55 ,  0.76 ,  0.76 ,  0.83 ,  0.93 ,  0.20 ,  (2.14),  1.03 ,  2.02 ,  1.48 
BWG         ,,,,,,  0.07 ,  0.05 ,  (0.03),  0.03 ,  0.03 ,  0.03 ,  0.06 ,  0.06 ,  0.09 
CCET        ,  0.49 ,  0.45 ,  0.51 ,  0.45 ,  0.57 ,  0.68 ,  0.50 ,  0.30 ,  0.38 ,  0.12 ,  0.27 ,  0.10 ,  0.24 ,  0.34 
CCP         ,,  0.02 ,  0.08 ,  (0.01),  (0.13),  (0.03),  (0.07),  (0.09),  (0.01),  0.02 ,  0.12 ,  0.19 ,  0.06 ,  0.02 
CEN         ,  (0.13),  0.03 ,  0.76 ,  0.18 ,  (0.85),  0.35 ,  0.43 ,  0.24 ,  0.25 ,  0.01 ,  0.05 ,  (0.00),  0.20 ,  (0.25)
CENTEL      ,  0.18 ,  0.23 ,  0.44 ,  0.43 ,  0.31 ,  0.29 ,  0.24 ,  0.04 ,  (0.04),  0.41 ,  1.17 ,  0.98 ,  0.88 ,  1.24 
CFRESH      ,  0.09 ,  (0.09),  0.26 ,  0.27 ,  0.16 ,  0.03 ,  0.12 ,  0.43 ,  0.32 ,  0.50 ,  1.18 ,  (0.73),  0.88 ,  0.99 
CGD         ,  (0.00),  (0.00),  (0.00),  (0.00),  0.15 ,,,,,,,,  0.01 ,  (0.06)
CHARAN      ,  1.68 ,  1.56 ,  1.68 ,  2.41 ,  3.97 ,  3.57 ,  2.72 ,  1.95 ,  1.35 ,  (3.17),  2.51 ,  0.15 ,  1.80 ,  3.00 
CHOTI       ,  0.68 ,  (1.67),  13.14 ,  7.40 ,  6.01 ,  13.64 ,  15.69 ,  21.98 ,  26.31 ,  37.66 ,  28.44 ,  2.87 ,  0.07 ,  4.19 
CHOW        ,,,,,,,,,,  0.23 ,  0.03 ,  0.13 ,  0.06 ,  (0.14)
CHUO        ,  0.52 ,  0.46 ,  0.58 ,  2.28 ,  1.07 ,  1.03 ,  0.62 ,  0.10 ,  0.80 ,  (0.49),  (0.99),  0.85 ,  0.44 ,  (2.40)
CI          ,  0.06 ,  0.09 ,  0.05 ,  0.08 ,  0.07 ,  0.03 ,  0.12 ,  0.07 ,  (0.02),  (0.02),  0.15 ,  0.38 ,  (0.03),  0.17 
CIG         ,,,,  0.11 ,  0.05 ,,  (0.03),  (0.09),  (0.19),  (0.24),  (0.14),  (0.01),  0.11 ,  (0.01)
CIMBT       ,  0.36 ,  (0.74),  0.10 ,  0.11 ,  (0.83),  (1.30),  (0.12),  0.00 ,  0.04 ,  0.06 ,  0.07 ,  0.07 ,  0.04 ,  0.04 
CITY        ,,,,,  0.42 ,  0.39 ,  0.34 ,  0.27 ,  0.22 ,  0.27 ,  0.46 ,  0.42 ,  0.50 ,  0.46 
CK          ,  (0.17),  0.27 ,  0.19 ,  0.61 ,  (0.95),  0.01 ,  0.37 ,  0.06 ,  (0.20),  0.55 ,  0.34 ,  4.53 ,  1.36 ,  1.29 
CM          ,  0.24 ,  0.26 ,  0.24 ,  0.23 ,  0.28 ,  0.26 ,  0.37 ,  0.55 ,  0.42 ,  0.15 ,  0.46 ,  0.36 ,  0.16 ,  0.31 
CMO         ,,,  0.31 ,  0.16 ,  0.38 ,  0.00 ,  (0.09),  (0.05),  0.20 ,  (0.21),  0.45 ,  0.17 ,  (0.17),  0.14 
CMR         ,  0.45 ,  0.67 ,  0.46 ,  0.49 ,  0.65 ,  0.90 ,  (0.21),  4.15 ,  3.40 ,  3.36 ,  5.18 ,  9.12 ,  9.62 ,  12.45 
CNS         ,  0.06 ,  0.08 ,  0.24 ,  0.11 ,  0.07 ,  0.07 ,  0.08 ,  0.04 ,  0.08 ,  0.02 ,  0.12 ,  0.18 ,  0.20 ,  0.19 
CNT         ,  0.13 ,  1.24 ,  0.32 ,  0.14 ,  0.07 ,  0.12 ,  0.00 ,  0.16 ,  0.36 ,  0.16 ,  0.46 ,  0.44 ,  (0.35),  0.02 
COLOR       ,,,,,,,,,,  0.10 ,  (0.00),  (0.13),  (0.03),  0.06 
CPALL       ,,  0.01 ,  0.02 ,  0.17 ,  0.15 ,  0.16 ,  0.37 ,  0.56 ,  0.74 ,  0.89 ,  1.23 ,  1.17 ,  1.13 ,  1.52 
CPF         ,  0.54 ,  0.39 ,  0.22 ,  0.90 ,  0.33 ,  0.17 ,  0.42 ,  1.36 ,  1.80 ,  2.11 ,  2.43 ,  0.91 ,  1.36 ,  1.43 
CPH         ,  1.67 ,  3.81 ,  1.56 ,  1.80 ,  0.29 ,  (0.80),  (0.56),  0.23 ,  (1.61),  (0.56),  (1.12),  (1.60),  (0.34),  1.26 
CPI         ,  0.35 ,  0.35 ,  0.36 ,  (0.12),  0.00 ,  0.05 ,  0.53 ,  0.21 ,,  0.29 ,  0.06 ,  0.02 ,  0.09 ,  (0.03)
CPL         ,  6.05 ,  2.72 ,  2.62 ,  0.42 ,  2.59 ,  (1.16),  2.91 ,  3.33 ,  2.50 ,  3.10 ,  1.62 ,  2.50 ,  3.37 ,  1.33 
CPN         ,  0.24 ,  0.30 ,  0.34 ,  0.76 ,  0.39 ,  0.41 ,  0.50 ,  1.14 ,  0.26 ,  0.47 ,  1.42 ,  1.40 ,  1.63 ,  1.76 
CPR         ,,,,  0.23 ,  0.05 ,  0.01 ,  0.10 ,  0.07 ,  0.26 ,  0.23 ,  0.33 ,  0.22 ,  0.22 ,  0.30 
CRANE       ,,,,,,,,,,,,,  0.34 ,  (0.06)
CSC         ,  2.03 ,  3.47 ,  3.08 ,  0.99 ,  5.80 ,  2.74 ,  3.12 ,  3.66 ,  4.88 ,  4.05 ,  5.57 ,  6.49 ,  6.31 ,  6.22 
CSL         ,,,  0.53 ,  0.47 ,  0.34 ,  0.42 ,  0.26 ,  0.45 ,  0.67 ,  0.56 ,  0.66 ,  0.78 ,  (0.25),  0.53 
CSP         ,,,,  0.14 ,  0.12 ,  0.08 ,  0.13 ,  0.02 ,  0.21 ,  0.18 ,  0.20 ,  0.16 ,  0.28 ,  (0.36)
CSR         ,  2.06 ,  1.97 ,  2.29 ,  2.93 ,  3.15 ,  3.42 ,  2.77 ,  3.02 ,  2.90 ,  2.03 ,  3.13 ,  3.85 ,  3.48 ,  3.39 
CTW         ,  0.84 ,  0.97 ,  0.76 ,  0.85 ,  1.31 ,  0.48 ,  (1.57),  0.76 ,  1.37 ,  0.42 ,  1.34 ,  0.74 ,  0.28 ,  (0.25)
CWT         ,  (0.22),  (0.02),  0.37 ,  (0.39),  (0.80),  (0.61),  (0.44),  (0.43),  0.93 ,  0.11 ,  0.24 ,  (0.05),  0.08 ,  0.10 
DCC         ,  0.06 ,  0.08 ,  0.10 ,  0.11 ,  0.09 ,  0.09 ,  0.10 ,  0.15 ,  0.18 ,  0.19 ,  0.19 ,  0.20 ,  0.19 ,  0.21 
DCON        ,,,  0.04 ,  0.03 ,  0.02 ,  0.01 ,  0.01 ,  0.00 ,  0.03 ,  0.03 ,  0.05 ,  0.08 ,  0.11 ,  0.08 
DELTA       ,  2.80 ,  1.60 ,  1.03 ,  1.92 ,  1.57 ,  2.53 ,  2.32 ,  1.76 ,  3.33 ,  2.30 ,  3.49 ,  4.34 ,  4.78 ,  5.38 
DEMCO       ,,,,,,,,,,  0.25 ,  0.68 ,  0.52 ,  0.52 ,  (0.70)
DIMET       ,,,,,,,  0.03 ,  0.04 ,  0.03 ,  (0.07),  (0.05),  (0.08),  (0.05),  (0.03)
DRACO       ,  0.04 ,  0.04 ,  0.02 ,  0.01 ,  0.02 ,  0.07 ,  0.59 ,  0.23 ,  0.34 ,  0.31 ,  (0.12),  0.11 ,  (0.21),  (0.64)
DRT         ,,,,  0.04 ,  0.06 ,  0.39 ,  0.28 ,  0.37 ,  0.45 ,  0.45 ,  0.53 ,  0.43 ,  0.28 ,  0.32 
DSGT        ,,,,,  0.14 ,  0.17 ,  0.18 ,  0.25 ,  0.29 ,  0.16 ,  0.51 ,  0.39 ,  0.35 ,  0.00 
DTAC        ,,,,,,  2.47 ,  3.94 ,  2.80 ,  4.60 ,  4.99 ,  4.76 ,  4.46 ,  4.53 ,  2.49 
DTC         ,  0.52 ,  0.37 ,  0.67 ,  0.29 ,  0.26 ,  0.14 ,  0.25 ,  (0.13),  0.13 ,  0.04 ,  0.18 ,  0.19 ,  (0.02),  0.23 
DTCI        ,  (2.09),  (3.04),  (1.20),  (0.21),  0.49 ,  2.04 ,  0.86 ,  0.42 ,  1.20 ,  1.49 ,  1.29 ,  1.22 ,  0.34 ,  1.77 
E           ,,,,  0.00 ,  (0.01),  (0.22),  (0.25),  0.01 ,  0.12 ,  0.03 ,  (0.03),  (0.07),  (0.15),  (0.14)
EARTH       ,  3.64 ,  0.02 ,  (0.15),  (0.20),  (0.12),  (0.07),  (0.16),  (0.05),  0.03 ,,,,  0.35 ,  0.29 
EASON       ,,,,  0.28 ,  0.29 ,  0.24 ,  0.20 ,  0.23 ,  0.19 ,  0.16 ,  0.38 ,  0.33 ,  0.22 ,  0.24 
EASTW       ,  0.28 ,  0.31 ,  0.45 ,  0.38 ,  0.38 ,  0.32 ,  0.09 ,  0.49 ,  0.55 ,  0.61 ,  0.75 ,  0.79 ,  0.80 ,  0.95 
ECL         ,,,  0.01 ,  0.05 ,  0.04 ,  (0.02),  0.07 ,  0.07 ,  0.07 ,  0.05 ,  0.09 ,  0.08 ,  0.09 ,  0.08 
EE          ,  0.00 ,  (0.00),  0.00 ,  0.00 ,  (0.03),  (0.05),  (0.01),  (0.04),  (0.02),  (0.00),  0.02 ,  0.00 ,  0.00 ,  (0.04)
EGCO        ,  5.62 ,  11.39 ,  8.85 ,  7.77 ,  11.46 ,  15.96 ,  13.16 ,  15.07 ,  12.90 ,  9.48 ,  20.85 ,  13.13 ,  14.56 ,  8.20 
EIC         ,,  0.03 ,  0.03 ,  0.01 ,  0.01 ,  0.12 ,  0.11 ,  (0.06),  0.02 ,  0.02 ,  (0.01),  (0.03),  (0.41),  (0.32)
EMC         ,  1.06 ,  1.19 ,  0.27 ,  0.03 ,  0.05 ,  0.20 ,  0.11 ,  (0.10),  (0.08),  0.02 ,  0.04 ,  (0.93),  (0.05),  (0.04)
EPCO        ,  1.94 ,  (0.07),  0.10 ,  0.09 ,  0.07 ,  0.28 ,  0.24 ,  0.19 ,  0.21 ,  0.15 ,  0.12 ,  0.24 ,  0.29 ,  0.32 
ERW         ,  0.06 ,  0.27 ,  0.19 ,  0.14 ,  0.21 ,  0.18 ,  0.03 ,  (0.10),  (0.12),  0.22 ,  0.05 ,  0.38 ,  (0.05),  0.08 
ESSO        ,,,,,,,  (1.98),  1.29 ,  0.48 ,  0.27 ,  (0.49),  (0.11),  (2.99),  0.49 
ESTAR       ,  (0.05),  0.04 ,  0.02 ,  (0.03),  0.00 ,  0.03 ,  0.02 ,  0.00 ,  0.01 ,  (0.03),  (0.03),  0.03 ,  0.06 ,  0.03 
EVER        ,"  (5,963.35)",  (0.09),,,  0.14 ,  0.02 ,  0.00 ,  (0.48),  (0.09),  0.34 ,  (0.05),  (0.00),  (0.01),  (0.03)
F&D         ,  3.80 ,  3.67 ,  0.53 ,  (0.65),  (3.40),  (0.87),  0.90 ,  4.84 ,  4.37 ,  1.72 ,  3.06 ,  0.81 ,  (1.63),  (5.50)
FANCY       ,  1.20 ,  0.54 ,  0.62 ,  0.35 ,  (0.05),  0.08 ,  (0.01),  0.18 ,  0.12 ,  (0.07),  (0.15),  0.06 ,  0.04 ,  (0.16)
FE          ,  7.73 ,  8.02 ,  7.31 ,  7.70 ,  7.74 ,  7.72 ,  8.00 ,  10.38 ,  12.72 ,  14.95 ,  15.53 ,  13.60 ,  8.90 ,  13.61 
FMT         ,  3.72 ,  4.09 ,  5.51 ,  3.94 ,  0.94 ,  0.43 ,  1.54 ,  (4.90),  1.71 ,  0.47 ,  (0.29),  0.71 ,  1.73 ,  2.30 
FNS         ,  1.83 ,  5.22 ,  3.79 ,  0.81 ,  (1.45),  (2.26),  (4.88),  (3.64),  0.06 ,  (1.15),  (0.16),  0.30 ,  0.23 ,  2.28 
FOCUS       ,,,  0.01 ,  0.02 ,  0.06 ,  0.09 ,  (0.05),  (0.17),  (0.47),  0.10 ,  0.51 ,  (0.16),  (0.26),  0.03 
FORTH       ,,,,,  0.11 ,  0.11 ,  (0.08),  0.08 ,  0.33 ,  0.39 ,  0.10 ,  0.26 ,  0.35 ,  0.48 
FSS         ,,,  0.35 ,  0.13 ,  (0.02),  (0.04),  (0.34),  0.04 ,  0.29 ,  0.16 ,  0.34 ,  0.73 ,  0.42 ,  0.24 
GBX         ,,,  0.08 ,  0.17 ,  (0.01),  0.01 ,  (0.11),  0.05 ,  0.06 ,  0.04 ,  0.01 ,  0.04 ,  0.03 ,  0.01 
GC          ,,,,  0.18 ,  0.33 ,  0.54 ,  0.38 ,  0.48 ,  0.62 ,  0.40 ,  0.39 ,  0.35 ,  0.24 ,  0.40 
GENCO       ,  (0.01),  (0.07),  (0.27),  0.01 ,  0.02 ,  0.08 ,  0.01 ,  (0.08),  0.00 ,  0.02 ,  0.03 ,  0.01 ,  0.00 ,  0.00 
GFPT        ,  0.58 ,  0.20 ,  (0.40),  0.29 ,  0.09 ,  0.23 ,  0.86 ,  0.85 ,  0.93 ,  0.96 ,  0.03 ,  1.20 ,  1.42 ,  0.95 
GJS         ,  (12.20),  22.75 ,  0.57 ,  (0.69),  (1.48),  (0.06),  (0.81),  (1.42),  (0.81),  (0.28),  (0.51),  (0.15),  (0.04),  (0.14)
GL          ,,,  0.08 ,  0.12 ,  0.12 ,  0.16 ,  0.29 ,  0.27 ,  0.39 ,  0.26 ,  0.43 ,  0.23 ,  0.11 ,  0.38 
GLAND       ,  0.85 ,  0.34 ,  0.26 ,  0.05 ,  0.09 ,  0.09 ,  0.08 ,  (0.00),  (0.02),  (0.00),  0.01 ,  0.09 ,  0.15 ,  0.29 
GLOBAL      ,,,,,,,,  0.13 ,  0.13 ,  0.17 ,  0.17 ,  0.24 ,  0.19 ,  0.24 
GLOW        ,,,,  2.64 ,  3.83 ,  3.27 ,  2.42 ,  2.86 ,  3.91 ,  2.39 ,  3.80 ,  4.93 ,  6.25 ,  5.71 
GOLD        ,  0.39 ,  0.70 ,  0.55 ,  (0.47),  0.42 ,  1.28 ,  (0.71),  (0.48),  (0.40),  (0.20),  (0.54),  (0.34),  0.19 ,  0.40 
GRAMMY      ,  1.24 ,  0.98 ,  1.31 ,  0.39 ,  0.40 ,  0.96 ,  1.35 ,  0.90 ,  0.92 ,  1.10 ,  (0.61),  (2.01),  (2.82),  (1.40)
GRAND       ,,,  0.09 ,  0.05 ,  (0.08),  (0.77),  (0.19),  (0.41),  0.55 ,  0.16 ,  (0.14),  (0.05),  0.21 ,  (0.04)
GUNKUL      ,,,,,,,,,  0.02 ,  0.02 ,  0.15 ,  0.17 ,  0.10 ,  0.11 
GYT         ,  32.91 ,  34.25 ,  43.61 ,  39.58 ,  29.31 ,  17.92 ,  4.06 ,  31.52 ,  45.25 ,  (16.19),  120.50 ,  44.47 ,  32.05 ,  52.09 
HANA        ,  (1.12),  2.05 ,  2.33 ,  2.55 ,  2.68 ,  2.95 ,  2.30 ,  2.46 ,  3.31 ,  1.95 ,  2.06 ,  2.90 ,  4.23 ,  2.57 
HFT         ,,  0.01 ,  0.01 ,  (0.01),  (0.04),  0.05 ,  0.12 ,  0.18 ,  0.18 ,  0.19 ,  0.24 ,  0.49 ,  0.44 ,  0.63 
HMPRO       ,  0.01 ,  0.02 ,  0.04 ,  0.04 ,  0.05 ,  0.06 ,  0.07 ,  0.09 ,  0.13 ,  0.15 ,  0.20 ,  0.23 ,  0.25 ,  0.27 
HTC         ,  0.39 ,  0.30 ,  0.29 ,  0.07 ,  0.28 ,  0.02 ,  0.12 ,  0.24 ,  0.41 ,  0.22 ,  0.71 ,  0.92 ,  0.58 ,  0.51 
HTECH       ,,,,,,,,  0.25 ,  0.37 ,  0.36 ,  0.35 ,  0.19 ,  0.26 ,  0.24 
HYDRO       ,,,,,,,,,,  0.15 ,  0.18 ,  (0.03),  (0.46),  (0.23)
ICC         ,  2.15 ,  1.41 ,  2.32 ,  2.36 ,  2.52 ,  2.51 ,  2.68 ,  2.24 ,  2.79 ,  2.56 ,  3.34 ,  2.36 ,  1.88 ,  2.42 
IEC         ,  (0.05),  (0.01),  (0.01),  (0.01),  (0.03),  0.01 ,  (0.04),  (0.01),  (0.01),  (0.00),  (0.00),  0.00 ,  0.00 ,  0.00 
IFEC        ,  0.12 ,  0.25 ,  1.33 ,  0.07 ,  0.15 ,  0.13 ,  0.10 ,  0.13 ,  0.18 ,  0.11 ,  0.30 ,  0.03 ,  0.04 ,  0.17 
IFS         ,,,,,,,,,  0.18 ,  0.14 ,  0.24 ,  0.27 ,  0.29 ,  0.25 
IHL         ,,,,  0.06 ,  0.04 ,  (0.10),  0.31 ,  0.26 ,  0.65 ,  0.35 ,  0.60 ,  0.47 ,  0.46 ,  0.48 
ILINK       ,,,  0.33 ,  0.50 ,  1.00 ,  0.74 ,  0.93 ,  1.05 ,  0.63 ,  0.75 ,  1.06 ,  1.28 ,  0.84 ,  0.79 
INET        ,  0.32 ,  0.38 ,  0.37 ,  0.29 ,  0.04 ,  (0.01),  (0.12),  0.05 ,  (0.05),  (0.33),  (0.01),  0.01 ,  (0.03),  0.16 
INOX        ,,,  0.23 ,  0.04 ,  0.26 ,  0.02 ,  (0.15),  0.05 ,  0.08 ,,  (0.00),  (0.04),  0.03 ,  0.02 
INSURE      ,  1.46 ,  2.34 ,  0.44 ,  0.07 ,  (2.45),  1.41 ,  (1.72),  (2.39),  0.56 ,  (4.98),  (6.33),  (0.42),  (3.23),  8.07 
INTUCH      ,  1.80 ,  3.30 ,  2.95 ,  2.86 ,  1.07 ,  0.30 ,  1.76 ,  2.03 ,  2.51 ,  5.16 ,  4.30 ,  4.54 ,  4.60 ,  5.01 
IRC         ,  0.65 ,  1.02 ,  1.04 ,  1.00 ,  0.86 ,  1.46 ,  1.39 ,  1.30 ,  1.54 ,  0.75 ,  0.51 ,  2.05 ,  1.57 ,  2.21 
IRCP        ,,  0.17 ,  0.20 ,  0.03 ,  0.33 ,  (0.11),  (0.45),  0.09 ,  0.23 ,  0.13 ,  0.11 ,  0.24 ,  0.53 ,  0.21 
IRPC        ,  (0.26),  0.16 ,  0.76 ,  3.12 ,  0.35 ,  0.67 ,  (0.93),  0.27 ,  0.31 ,  0.20 ,  (0.05),  0.04 ,  (0.26),  0.46 
IT          ,,  0.38 ,  0.43 ,  0.47 ,  0.53 ,  0.49 ,  0.50 ,  0.49 ,  0.59 ,  0.62 ,  0.25 ,  (0.03),  (0.03),  0.06 
ITD         ,  1.62 ,  0.24 ,  0.31 ,  0.29 ,  (0.49),  0.23 ,  (0.61),  (0.41),  0.07 ,  (0.39),  0.03 ,  0.19 ,  0.10 ,  (0.07)
IVL         ,,,,,,,,,  2.44 ,  3.23 ,  0.96 ,  0.28 ,  0.31 ,  1.37 
JAS         ,  (0.34),  0.62 ,  0.14 ,  0.10 ,  0.03 ,  (0.00),  (0.15),  0.02 ,  0.09 ,  0.15 ,  0.29 ,  0.42 ,  0.46 ,  2.20 
JCT         ,  (0.53),  0.62 ,  2.90 ,  2.98 ,  2.53 ,  5.48 ,  6.24 ,  7.38 ,  5.03 ,  6.18 ,  6.90 ,  7.01 ,  9.10 ,  7.21 
JMART       ,,,,,,,,  0.24 ,  0.25 ,  0.45 ,  0.66 ,  0.75 ,  0.66 ,  0.62 
JTS         ,,,,,  0.45 ,  0.15 ,  0.01 ,  0.13 ,  (0.14),  (0.10),  (0.25),  0.02 ,  (0.19),  (0.06)
JUBILE      ,,,,,,,,  0.35 ,  0.61 ,  0.76 ,  0.96 ,  1.16 ,  1.18 ,  0.75 
JUTHA       ,  (2.37),  0.40 ,  1.37 ,  0.95 ,  2.29 ,  2.06 ,  1.48 ,  0.76 ,  1.35 ,  (0.88),  (0.04),  (0.28),  (0.21),  (0.26)
KAMART      ,  0.01 ,  1.84 ,  0.34 ,  (0.16),  (0.16),  (0.21),  (0.10),  (0.44),  (0.07),  0.19 ,  0.33 ,  0.26 ,  0.14 ,  0.32 
KASET       ,,,,  0.04 ,  0.02 ,  0.04 ,  0.40 ,  0.06 ,  0.06 ,  (0.05),  (0.56),  (0.21),  (0.26),  0.00 
KBANK       ,  2.84 ,  6.27 ,  6.47 ,  5.85 ,  5.73 ,  6.27 ,  6.41 ,  6.22 ,  8.38 ,  10.12 ,  14.73 ,  17.27 ,  19.28 ,  16.49 
KBS         ,,,,,,,,,,  0.06 ,  1.32 ,  0.91 ,  0.53 ,  (0.08)
KC          ,,  3.88 ,  0.26 ,  0.21 ,  0.14 ,  0.06 ,  0.07 ,  0.01 ,  (0.01),  (0.06),  0.04 ,  0.01 ,  0.03 ,  0.01 
KCAR        ,,,,  0.66 ,  0.74 ,  0.85 ,  0.91 ,  1.07 ,  1.38 ,  1.29 ,  1.58 ,  1.09 ,  0.85 ,  0.81 
KCE         ,  0.37 ,  0.74 ,  0.59 ,  0.00 ,  (0.29),  0.56 ,  (0.86),  0.37 ,  1.13 ,  0.28 ,  1.51 ,  2.44 ,  3.73 ,  3.90 
KDH         ,  2.78 ,  1.85 ,  1.95 ,  1.91 ,  1.41 ,,  (0.25),  (1.26),  (0.31),  2.29 ,  0.87 ,  (3.11),  (1.68),  (2.25)
KGI         ,  0.31 ,  0.49 ,  0.16 ,  0.08 ,  0.09 ,  0.17 ,  0.09 ,  0.12 ,  0.38 ,  0.27 ,  0.22 ,  0.39 ,  0.38 ,  0.29 
KIAT        ,,,,,,,,,  0.08 ,  0.08 ,  0.06 ,  0.05 ,  0.05 ,  0.04 
KKC         ,  0.67 ,  0.89 ,  0.91 ,  0.49 ,  0.13 ,  (0.15),  (0.08),  0.28 ,  0.83 ,  0.08 ,  0.22 ,  0.00 ,  0.05 ,  0.18 
KSL         ,,,,  0.12 ,  0.17 ,  0.20 ,  0.21 ,  0.22 ,  0.04 ,  0.46 ,  0.57 ,  0.37 ,  0.36 ,  0.18 
KTB         ,  0.67 ,  0.73 ,  0.93 ,  1.10 ,  1.18 ,  0.54 ,  1.03 ,  1.03 ,  1.25 ,  1.43 ,  1.68 ,  2.43 ,  2.37 ,  2.04 
KTC         ,  0.89 ,  1.41 ,  2.25 ,,  1.70 ,  2.02 ,  2.02 ,  (1.53),  0.87 ,  (6.29),  0.99 ,  4.97 ,  6.81 ,  8.04 
KTECH       ,,,  0.03 ,  0.03 ,  (0.03),  (0.78),  (1.25),  (0.24),  (0.22),  (0.16),  1.14 ,  0.03 ,  0.17 ,  0.00 
KTP         ,  0.00 ,  0.00 ,  (0.24),  0.02 ,  (0.08),  (0.15),  (0.25),  (0.29),  (0.48),  (0.52),  (0.46),  (0.64),  (0.26),  (0.31)
KWC         ,  0.82 ,  1.98 ,  3.35 ,  2.37 ,  2.96 ,  3.43 ,  3.87 ,  5.14 ,  8.68 ,  9.61 ,  10.62 ,  11.22 ,  12.03 ,  9.40 
KYE         ,  7.08 ,  9.25 ,  3.13 ,  13.29 ,  9.62 ,  1.11 ,  3.15 ,  19.38 ,  42.47 ,  28.46 ,  31.63 ,  39.08 ,  23.00 ,  42.13 
L&E         ,,,,,,,,,,,,,  0.34 ,  0.14 
LALIN       ,  0.09 ,  0.95 ,  0.70 ,  0.84 ,  0.48 ,  0.15 ,  0.22 ,  0.30 ,  0.40 ,  0.36 ,  0.33 ,  0.51 ,  0.53 ,  0.43 
LANNA       ,  0.02 ,  0.11 ,  0.33 ,  0.65 ,  0.74 ,  0.71 ,  0.90 ,  1.25 ,  1.29 ,  1.99 ,  1.74 ,  1.09 ,  0.82 ,  0.59 
LEE         ,  0.28 ,  0.27 ,  0.20 ,  0.31 ,  0.47 ,  0.43 ,  0.18 ,  0.40 ,  0.35 ,  0.40 ,  0.35 ,  0.25 ,  0.19 ,  0.16 
LH          ,  0.59 ,  0.87 ,  0.75 ,  0.62 ,  0.38 ,  0.36 ,  0.34 ,  0.39 ,  0.40 ,  0.56 ,  0.56 ,  0.65 ,  0.77 ,  0.67 
LHBANK      ,,,,,,,,,,  0.04 ,  0.05 ,  0.07 ,  0.09 ,  0.12 
LHK         ,,,,,,,  0.25 ,  (0.17),  0.32 ,  0.43 ,  0.30 ,  0.41 ,  0.39 ,  0.36 
LOXLEY      ,  0.90 ,  0.23 ,  0.10 ,  (0.31),  0.30 ,  0.11 ,  (0.95),  0.17 ,  (0.07),  0.14 ,  0.25 ,  0.28 ,  0.16 ,  0.09 
LPN         ,  0.14 ,  0.40 ,  0.37 ,  0.40 ,  0.52 ,  0.63 ,  0.82 ,  0.92 ,  1.11 ,  1.30 ,  1.50 ,  1.58 ,  1.37 ,  1.64 
LRH         ,  0.43 ,  1.40 ,  2.47 ,  (0.06),  3.11 ,  7.74 ,  6.62 ,  0.80 ,  8.48 ,  (1.34),  0.25 ,  0.67 ,  0.11 ,  1.05 
LST         ,  0.15 ,  0.26 ,  0.16 ,  0.07 ,  0.28 ,  0.22 ,  0.43 ,  0.44 ,  0.24 ,  0.21 ,  0.34 ,  0.31 ,  0.46 ,  0.38 
LTX         ,  9.90 ,  7.62 ,  8.53 ,  7.43 ,  7.74 ,  4.83 ,  2.30 ,  1.73 ,  4.57 ,  6.91 ,  2.52 ,  12.97 ,  8.94 ,  1.66 
MACO        ,,,,,,,,,,,,  0.06 ,  0.04 ,  0.06 
MAJOR       ,  0.07 ,  0.72 ,  (0.68),  0.75 ,  0.88 ,  1.39 ,  0.71 ,  0.38 ,  0.86 ,  0.89 ,  0.91 ,  1.18 ,  1.22 ,  1.31 
MAKRO       ,  0.20 ,  0.20 ,  0.23 ,  0.24 ,  0.25 ,  0.27 ,  0.35 ,  0.32 ,  0.39 ,  0.54 ,  0.74 ,  0.90 ,  1.02 ,  1.12 
MALEE       ,  (1.45),  (0.98),  0.22 ,  0.05 ,  0.18 ,  (0.66),  (2.10),  0.94 ,  0.76 ,  1.63 ,  4.61 ,  2.02 ,  2.19 ,  2.36 
MANRIN      ,  1.36 ,  1.70 ,  1.02 ,  1.81 ,  1.94 ,  0.58 ,  (1.74),  (1.06),  2.22 ,  (0.83),  (0.82),  (1.71),  (1.13),  (0.78)
MATCH       ,,,,  (0.51),  (1.02),  (0.21),  0.14 ,  (0.14),  0.11 ,  0.05 ,  0.24 ,  0.17 ,  0.06 ,  (0.09)
MATI        ,  0.54 ,  0.80 ,  0.50 ,  0.52 ,  0.57 ,  0.94 ,  0.70 ,  0.69 ,  0.70 ,  0.48 ,  0.56 ,  0.59 ,  (0.27),  (0.56)
MAX         ,  (0.70),  (0.70),  0.04 ,,  0.02 ,  0.03 ,  (0.00),  (0.11),  (0.01),  0.02 ,  (0.07),  (0.01),  (0.00),  (0.00)
MBAX        ,,,,,,  0.34 ,  0.26 ,  0.22 ,  (0.24),  (0.13),  0.51 ,  0.07 ,  0.33 ,  0.52 
MBK         ,  0.36 ,  0.40 ,  0.52 ,  0.50 ,  0.59 ,  0.68 ,  0.74 ,  0.69 ,  1.35 ,  0.35 ,  1.00 ,  2.18 ,  0.84 ,  0.96 
MBKET       ,,  1.57 ,  1.83 ,  1.31 ,  0.97 ,  0.99 ,  0.95 ,  1.25 ,  1.41 ,  1.15 ,  1.29 ,,  2.21 ,  1.79 
M-CHAI      ,  3.24 ,  2.70 ,  2.18 ,  3.40 ,  3.07 ,  2.52 ,  3.49 ,  3.74 ,  5.16 ,  6.61 ,  9.11 ,  9.68 ,  7.37 ,  10.47 
MCOT        ,,,  1.42 ,  1.61 ,  2.19 ,  1.62 ,  1.79 ,  2.02 ,  2.07 ,  1.97 ,  2.56 ,  2.22 ,  0.73 ,  0.08 
MCS         ,,,,  0.56 ,  0.69 ,  0.66 ,  0.71 ,  1.15 ,  1.62 ,  0.95 ,  0.33 ,  0.79 ,  0.16 ,  1.24 
MDX         ,  (9.59),  3.32 ,  0.45 ,  0.78 ,  13.26 ,  0.40 ,  0.26 ,  0.05 ,  0.38 ,  0.30 ,  0.96 ,  0.46 ,  0.72 ,  0.41 
METCO       ,  30.97 ,  41.20 ,  50.77 ,  42.84 ,  22.81 ,  28.85 ,  27.21 ,  1.82 ,  34.68 ,  13.57 ,  (22.14),  (39.82),  25.27 ,  35.44 
MFC         ,  0.04 ,  0.12 ,  1.49 ,  0.87 ,  0.73 ,  0.96 ,  0.60 ,  1.01 ,  1.60 ,  1.56 ,  1.64 ,  2.84 ,  1.97 ,  1.57 
MFEC        ,,  0.25 ,  0.48 ,  0.35 ,  0.46 ,  0.59 ,  0.64 ,  0.42 ,  0.24 ,  0.46 ,  0.42 ,  0.53 ,  0.61 ,  0.45 
MIDA        ,,  0.12 ,  0.21 ,  0.16 ,  0.12 ,  0.01 ,  0.02 ,  0.01 ,  0.03 ,  0.04 ,  (0.16),  0.09 ,  0.03 ,  0.03 
MILL        ,,,,,,,  0.19 ,  0.10 ,  0.06 ,  0.05 ,  0.04 ,  (0.05),  (0.32),  0.22 
MINT        ,  0.16 ,  0.12 ,  0.20 ,  0.30 ,  0.33 ,  0.41 ,  0.43 ,  0.36 ,  0.31 ,  0.73 ,  0.84 ,  0.93 ,  1.00 ,  1.60 
MJD         ,,,,,,  0.40 ,  0.63 ,  0.58 ,  0.27 ,  0.26 ,  (0.13),  (0.19),  0.77 ,  0.14 
MK          ,  0.22 ,  1.01 ,  0.52 ,  0.82 ,  0.47 ,  0.38 ,  0.47 ,  0.62 ,  0.63 ,  0.27 ,  0.30 ,  0.50 ,  0.52 ,  0.63 
ML          ,,,  0.02 ,  0.06 ,  0.06 ,  0.05 ,  0.04 ,  0.07 ,  0.13 ,  0.12 ,  0.14 ,  0.12 ,  0.09 ,  0.11 
MODERN      ,  0.12 ,  0.25 ,  0.35 ,  0.40 ,  0.42 ,  0.36 ,  0.46 ,  0.36 ,  0.51 ,  0.45 ,  0.51 ,  0.56 ,  1.05 ,  0.88 
MOONG       ,,,,,,,,  0.31 ,  0.34 ,  0.38 ,  0.36 ,  0.42 ,  0.41 ,  0.52 
MPIC        ,,  (0.15),  (0.30),  (0.13),  (0.11),  (0.11),  (0.48),  (0.00),  0.05 ,  0.07 ,  (0.38),  (0.29),  (0.14),  (0.08)
MSC         ,  0.22 ,  0.20 ,  0.26 ,  0.48 ,  0.59 ,  0.43 ,  0.38 ,  0.19 ,  0.35 ,  0.29 ,  0.61 ,  0.57 ,  0.49 ,  0.57 
MTI         ,,,,,,,  (0.34),  4.36 ,  6.67 ,  0.97 ,  (14.62),  13.09 ,  14.50 ,  15.72 
NBC         ,,,,,,,,,  0.32 ,  0.28 ,  0.15 ,  0.10 ,  0.02 ,  (0.04)
NC          ,  0.43 ,  0.58 ,  (1.25),  (2.34),  (0.69),  0.49 ,  1.43 ,  1.33 ,  3.16 ,  2.66 ,  3.20 ,  2.46 ,  1.93 ,  0.72 
NCH         ,,,  0.18 ,  0.09 ,  0.04 ,  (0.05),  (0.04),  0.05 ,  0.07 ,  0.15 ,  0.08 ,  0.08 ,  0.09 ,  0.10 
NEP         ,  0.11 ,  0.07 ,  0.07 ,  0.04 ,  0.06 ,  0.03 ,  (0.06),  (0.02),  0.02 ,  (0.02),  0.24 ,  (0.04),  (0.15),  (0.09)
NEW         ,  0.67 ,  (1.61),  (2.47),  18.93 ,  (0.49),  0.78 ,  0.13 ,  0.91 ,  0.80 ,  (0.09),  0.43 ,  1.09 ,  1.11 ,  1.30 
NFC         ,  (0.15),  (0.17),  2.66 ,  (0.23),  (0.50),  (0.30),  (0.08),  0.06 ,  (0.05),  (0.04),  (0.03),  (0.02),  (0.02),  0.01 
NINE        ,,,,,,,,,  0.15 ,  0.13 ,  0.21 ,  0.12 ,  0.01 ,  (0.11)
NKI         ,  1.97 ,  4.40 ,  4.84 ,  5.65 ,  5.59 ,  10.06 ,  3.62 ,  4.80 ,  5.23 ,  (5.97),  1.15 ,  7.51 ,  7.14 ,  1.51 
NMG         ,  (0.09),  0.06 ,  0.04 ,  (0.12),  (0.06),  (0.30),  (0.02),  (0.02),  0.12 ,  0.04 ,  0.07 ,  0.08 ,  0.02 ,  0.01 
NNCL        ,,,  0.09 ,  0.23 ,  0.24 ,  0.29 ,  0.07 ,  0.02 ,  0.13 ,  0.03 ,  0.15 ,  0.20 ,  (0.29),  (0.07)
NOBLE       ,  0.58 ,  1.64 ,  0.73 ,  1.00 ,  0.66 ,  0.54 ,  0.76 ,  1.02 ,  2.19 ,  0.76 ,  0.71 ,  0.71 ,  0.36 ,  (1.02)
NPK         ,,,,,,,,,,  6.64 ,  4.88 ,  2.31 ,  2.52 ,  2.80 
NSI         ,  (1.76),  (11.79),  (3.26),  3.60 ,  0.42 ,  (2.59),  4.31 ,  4.57 ,  7.26 ,  8.44 ,  4.23 ,  13.17 ,  11.72 ,  10.33 
NTV         ,  0.31 ,  0.48 ,  0.54 ,  0.60 ,  0.89 ,  0.96 ,  1.09 ,  1.11 ,  1.22 ,  1.02 ,  1.54 ,  1.51 ,  1.66 ,  1.86 
NUSA        ,  (0.20),  (1.88),  (1.57),  (1.42),  (0.90),  (0.49),  3.31 ,  (0.04),  0.06 ,  0.03 ,  0.03 ,  (0.02),  0.01 ,  0.01 
NWR         ,  (1.63),  (0.79),  0.07 ,  (0.04),  (0.04),  (0.42),  0.08 ,  0.04 ,  0.03 ,  0.06 ,  0.33 ,  0.03 ,  0.00 ,  (0.07)
OCC         ,  1.31 ,  1.27 ,  0.91 ,  1.29 ,  1.27 ,  0.77 ,  1.03 ,  1.21 ,  1.28 ,  1.67 ,  1.76 ,  1.69 ,  1.59 ,  1.38 
OGC         ,  10.14 ,  8.46 ,  8.45 ,  8.65 ,  6.58 ,  6.30 ,  4.50 ,  (0.06),  4.41 ,  2.69 ,  (3.45),  (1.99),  2.20 ,  6.26 
OHTL        ,  20.01 ,  12.78 ,  22.86 ,  22.88 ,  25.79 ,  23.77 ,  20.53 ,  8.49 ,  6.50 ,  8.11 ,  19.19 ,  21.72 ,  10.95 ,  10.38 
OISHI       ,,,  2.60 ,  3.33 ,  1.01 ,  2.98 ,  3.16 ,  4.01 ,  5.38 ,  4.31 ,  3.49 ,  2.43 ,  2.80 ,  3.80 
PAE         ,  (13.85),  (0.21),  3.39 ,  (0.05),  0.01 ,  (0.03),  (0.11),  (0.14),  (0.09),  0.03 ,  (0.18),  (0.21),  (0.17),  (0.07)
PAF         ,  0.37 ,  (3.95),  0.52 ,  (0.41),  0.27 ,  (0.26),  (0.07),  (0.56),  (1.11),  (0.26),  (1.84),  0.43 ,  0.06 ,  0.30 
PAP         ,,,  0.06 ,  (0.02),  0.30 ,  0.14 ,  0.19 ,  0.19 ,  0.31 ,  0.40 ,  0.40 ,  0.62 ,  0.27 ,  (0.07)
PATO        ,  0.02 ,  0.03 ,  0.01 ,  0.04 ,  0.03 ,  0.06 ,  0.08 ,  1.12 ,  1.31 ,  1.23 ,  0.61 ,  0.96 ,  0.92 ,  0.70 
PB          ,  0.15 ,  0.19 ,  0.24 ,  0.34 ,  0.62 ,  0.62 ,  0.89 ,  1.13 ,  1.37 ,  1.83 ,  1.90 ,  2.10 ,  2.31 ,  2.90 
PDI         ,  (0.13),  0.00 ,  0.96 ,  2.48 ,  7.81 ,  4.12 ,  1.17 ,  1.31 ,  1.85 ,  0.02 ,  (2.53),  (2.35),  2.04 ,  0.67 
PE          ,  44.90 ,  (0.37),  0.02 ,  1.02 ,  0.31 ,  0.17 ,  (0.00),  0.01 ,  (0.01),  0.05 ,  0.06 ,  0.04 ,  (0.10),  (0.19)
PERM        ,,,,  0.16 ,  0.06 ,  0.04 ,  (0.02),  (0.15),  0.10 ,  0.07 ,  0.10 ,  0.01 ,  0.04 ,  (0.53)
PF          ,  4.34 ,  0.27 ,  0.19 ,  0.20 ,  0.00 ,  0.08 ,  0.15 ,  0.07 ,  0.10 ,  0.10 ,  0.04 ,  0.01 ,  0.07 ,  0.05 
PG          ,  0.88 ,  0.95 ,  1.27 ,  2.04 ,  1.89 ,  1.68 ,  1.22 ,  1.34 ,  1.27 ,  1.15 ,  1.20 ,  0.88 ,  0.62 ,  0.14 
PHOL        ,,,,,,,,,  0.24 ,  0.18 ,  0.28 ,  0.31 ,  0.24 ,  0.21 
PICO        ,,,  0.07 ,  0.19 ,  0.33 ,  0.23 ,  0.30 ,  (0.14),  0.23 ,  0.34 ,  0.30 ,  0.17 ,  (0.02),  0.31 
PL          ,  0.02 ,  0.03 ,  0.04 ,  0.38 ,  0.36 ,  0.56 ,  0.46 ,  0.10 ,  0.59 ,  0.42 ,  0.50 ,  0.43 ,  0.29 ,  0.29 
PLE         ,  0.05 ,  0.42 ,  0.76 ,  0.43 ,  0.20 ,  0.24 ,  (0.73),  (1.82),  0.28 ,  (0.37),  (0.05),  0.02 ,  0.04 ,  (1.72)
PM          ,,,,,,,  0.66 ,  0.48 ,  0.33 ,  0.44 ,  0.63 ,  0.65 ,  0.72 ,  0.72 
POMPUI      ,  1.67 ,  6.00 ,  (19.75),  (2.41),  (2.56),  (0.24),  (0.10),  (0.02),  0.34 ,  3.25 ,  0.45 ,  0.29 ,  (0.48),  1.56 
POST        ,  0.21 ,  0.21 ,  0.39 ,  0.25 ,  0.22 ,  0.07 ,  0.03 ,  (0.20),  0.17 ,  0.10 ,  0.25 ,  0.26 ,  (0.34),  (0.50)
PPM         ,,,  0.32 ,  0.21 ,  0.95 ,  0.35 ,  0.05 ,  0.05 ,  0.34 ,  0.17 ,  0.37 ,  0.25 ,  0.10 ,  (0.10)
PR          ,  1.40 ,  1.34 ,  0.91 ,  0.98 ,  1.13 ,  0.97 ,  1.35 ,  2.13 ,  2.19 ,  2.83 ,  3.12 ,  3.19 ,  3.75 ,  3.90 
PRANDA      ,  1.86 ,  1.28 ,  1.30 ,  1.11 ,  1.16 ,  1.02 ,  0.46 ,  0.64 ,  0.61 ,  1.13 ,  1.11 ,  0.40 ,  0.36 ,  (0.14)
PREB        ,,,,  0.28 ,  (0.13),  (0.08),  0.14 ,  0.04 ,  0.21 ,  0.35 ,  0.61 ,  0.85 ,  0.99 ,  0.98 
PRECHA      ,  0.19 ,  0.58 ,  1.01 ,  0.24 ,  0.01 ,  (0.25),  (0.05),  0.55 ,  0.13 ,  0.15 ,  0.03 ,  0.02 ,  (0.04),  (0.05)
PRG         ,  (0.03),  0.24 ,  0.32 ,  0.11 ,  0.31 ,  0.25 ,  0.52 ,  0.32 ,  0.33 ,  0.14 ,  0.37 ,  0.49 ,  0.55 ,  0.54 
PRIN        ,,,,  0.18 ,  0.27 ,  0.06 ,  0.26 ,  0.40 ,  0.47 ,  0.17 ,  0.29 ,  0.16 ,  0.06 ,  0.05 
PRO         ,,,  0.04 ,  0.03 ,  (0.07),  (0.11),  (0.10),  (0.32),  (0.13),  (0.13),  (0.06),  (0.02),  0.00 ,  0.06 
PS          ,,,,  0.58 ,  0.60 ,  0.58 ,  1.08 ,  1.64 ,  1.58 ,  1.28 ,  1.76 ,  2.61 ,  2.99 ,  3.44 
PSL         ,  0.37 ,  1.13 ,  3.49 ,  4.54 ,  2.73 ,  3.05 ,  3.63 ,  2.24 ,  0.66 ,  0.53 ,  0.10 ,  0.39 ,  (0.06),  (1.56)
PT          ,  11.04 ,  (1.02),  (0.41),  0.79 ,  0.46 ,  0.13 ,  0.21 ,  (0.05),  0.20 ,  0.36 ,  0.52 ,  0.81 ,  1.06 ,  0.85 
PTL         ,,,,  0.90 ,  0.70 ,  0.43 ,  1.01 ,  1.30 ,  1.29 ,  4.83 ,  1.69 ,  0.47 ,  (0.60),  0.48 
PTT         ,  8.61 ,  13.85 ,  21.97 ,  30.57 ,  33.96 ,  34.71 ,  18.31 ,  21.01 ,  29.16 ,  36.86 ,  36.64 ,  33.14 ,  19.53 ,  6.98 
PTTEP       ,  3.71 ,  3.69 ,  4.86 ,  7.25 ,  8.54 ,  8.63 ,  12.60 ,  6.69 ,  12.58 ,  13.48 ,  14.44 ,  14.14 ,  5.41 ,  (7.96)
PTTGC       ,,,,,,,,,,  0.47 ,  7.54 ,  7.38 ,  3.33 ,  4.55 
PYLON       ,,,,  0.11 ,  0.05 ,  0.03 ,  0.18 ,  0.09 ,  0.13 ,  0.30 ,  0.26 ,  0.57 ,  0.54 ,  0.54 
Q-CON       ,,,  0.76 ,  0.07 ,  (0.20),  (0.27),  (0.08),  0.05 ,  0.16 ,  0.24 ,  1.00 ,  0.58 ,  0.32 ,  0.02 
QH          ,  0.10 ,  0.16 ,  0.12 ,  0.10 ,  0.11 ,  0.12 ,  0.15 ,  0.16 ,  0.19 ,  0.08 ,  0.22 ,  0.31 ,  0.31 ,  0.29 
QLT         ,,,,,,,,  0.71 ,  0.62 ,  0.94 ,  0.99 ,  0.86 ,  1.07 ,  1.05 
QTC         ,,,,,,,,,,  0.42 ,  0.59 ,  0.37 ,  0.28 ,  0.59 
RAM         ,  13.66 ,  14.95 ,  23.84 ,  19.17 ,  32.10 ,  29.56 ,  36.62 ,  37.71 ,  59.65 ,  76.23 ,  94.90 ,  73.68 ,  84.18 ,  84.86 
RATCH       ,  3.26 ,  3.74 ,  4.47 ,  4.18 ,  4.21 ,  4.02 ,  4.48 ,  4.65 ,  3.60 ,  3.34 ,  5.33 ,  4.27 ,  4.33 ,  2.20 
RCI         ,  2.07 ,  0.63 ,  0.56 ,  0.36 ,  0.29 ,  (0.21),  (0.45),  (0.28),  (0.36),  (0.44),  (0.06),  0.16 ,  0.01 ,  (0.15)
RCL         ,  1.85 ,  1.19 ,  5.55 ,  7.24 ,  4.63 ,  5.76 ,  (1.26),  (5.71),  0.56 ,  (0.94),  (2.33),  (1.99),  0.44 ,  0.53 
RICH        ,,,,,  0.00 ,  (0.06),  (0.13),  0.01 ,  0.08 ,  (0.24),  (0.23),  (0.22),  0.13 ,  (0.07)
RML         ,  6.24 ,  0.52 ,  0.22 ,  0.11 ,  (0.07),  (0.01),  0.04 ,  (0.09),  0.03 ,  (0.15),  0.14 ,  0.21 ,  0.34 ,  0.25 
ROBINS      ,  13.67 ,  0.46 ,  0.65 ,  0.77 ,  2.40 ,  0.78 ,  0.92 ,  0.91 ,  1.54 ,  1.31 ,  1.86 ,  1.79 ,  1.74 ,  1.94 
ROCK        ,  0.23 ,  1.75 ,  0.63 ,  2.19 ,  3.24 ,  2.08 ,  1.45 ,  (0.47),  3.43 ,  (3.44),  5.41 ,  (0.42),  (0.54),  1.95 
ROH         ,  2.01 ,  0.95 ,  2.55 ,  2.81 ,  3.27 ,  2.54 ,  2.28 ,  (1.23),  (2.48),  (1.93),  (0.58),  (0.15),  (1.54),  0.89 
ROJNA       ,  0.42 ,  0.60 ,  0.82 ,  1.06 ,  1.27 ,  1.17 ,  0.70 ,  0.81 ,  0.93 ,  (0.46),  0.84 ,  0.39 ,  0.41 ,  0.35 
RPC         ,,  0.06 ,  0.69 ,  0.59 ,  0.29 ,  0.64 ,  (0.80),  0.53 ,  0.32 ,  0.27 ,  (0.21),  (0.15),  (0.19),  0.08 
RS          ,,  0.03 ,  (0.04),  (0.62),  0.22 ,  (0.17),  (0.57),  0.11 ,  0.45 ,  0.24 ,  0.32 ,  0.41 ,  0.36 ,  0.12 
S & J       ,  0.90 ,  1.11 ,  0.92 ,  0.95 ,  1.06 ,  1.29 ,  1.52 ,  1.77 ,  2.30 ,  1.88 ,  1.63 ,  1.50 ,  1.45 ,  1.69 
SABINA      ,,,,,,,  0.52 ,  0.17 ,  0.15 ,  0.18 ,  0.27 ,  0.34 ,  0.42 ,  0.48 
SAFARI      ,  (1.63),  (1.28),  (0.60),  (2.38),  (1.80),  (1.67),  (0.86),  (0.10),  8.31 ,  0.28 ,  0.68 ,  0.92 ,  (0.12),  0.02 
SALEE       ,,,,  0.02 ,  0.03 ,  0.00 ,  0.03 ,  0.07 ,  0.07 ,  0.04 ,  0.11 ,  0.12 ,  0.08 ,  0.02 
SAM         ,,,  0.03 ,  0.01 ,  0.02 ,  (0.09),  (0.08),  0.01 ,  0.03 ,  0.02 ,  0.17 ,  0.12 ,  0.09 ,  (0.06)
SAMART      ,  (0.73),  1.89 ,  0.57 ,  0.61 ,  2.04 ,  0.59 ,  0.27 ,  0.47 ,  0.64 ,  0.85 ,  1.08 ,  1.47 ,  1.47 ,  0.80 
SAMCO       ,  0.22 ,  0.33 ,  0.14 ,  0.17 ,  0.08 ,  0.10 ,  0.15 ,  0.23 ,  0.19 ,  0.01 ,  0.10 ,  0.18 ,  0.17 ,  0.21 
SAMTEL      ,  (0.02),  0.01 ,  0.03 ,  0.41 ,  0.55 ,  0.19 ,  0.18 ,  0.50 ,  0.67 ,  1.31 ,  1.33 ,  1.39 ,  1.14 ,  0.65 
SAT         ,,,,  1.04 ,  1.04 ,  1.39 ,  1.49 ,  0.74 ,  1.82 ,  0.96 ,  1.92 ,  2.27 ,  1.53 ,  1.51 
SAUCE       ,  0.86 ,  0.94 ,  0.85 ,  0.76 ,  0.89 ,  1.06 ,  1.04 ,  1.19 ,  1.16 ,  1.33 ,  1.59 ,  1.39 ,  1.02 ,  1.09 
SAWANG      ,  1.16 ,  1.06 ,  2.43 ,  0.54 ,,  (3.35),  (2.45),  (0.66),  0.29 ,  0.86 ,  0.45 ,  (0.02),  (0.68),  (0.13)
SC          ,,  0.07 ,  0.10 ,  0.11 ,  0.08 ,  0.16 ,  0.16 ,  0.19 ,  0.28 ,  0.26 ,  0.27 ,  0.26 ,  0.37 ,  0.45 
SCB         ,  (10.35),  8.90 ,  10.86 ,  10.03 ,  7.01 ,  9.13 ,  8.61 ,  6.12 ,  7.13 ,  10.69 ,  11.85 ,  14.80 ,  15.71 ,  13.90 
SCC         ,  12.17 ,  16.63 ,  30.40 ,  26.86 ,  24.54 ,  25.29 ,  13.98 ,  20.29 ,  31.15 ,  22.73 ,  19.65 ,  30.44 ,  28.01 ,  37.83 
SCCC        ,  10.40 ,  13.15 ,  16.57 ,  16.29 ,  15.42 ,  13.60 ,  13.36 ,  12.41 ,  11.74 ,  14.32 ,  15.81 ,  20.85 ,  22.10 ,  19.91 
SCG         ,,,  0.34 ,  0.33 ,  0.39 ,  0.33 ,  0.27 ,  0.28 ,  0.26 ,  0.26 ,  0.28 ,  0.33 ,  0.23 ,  0.06 
SCP         ,  0.10 ,  0.20 ,  0.26 ,  0.13 ,  (0.02),  0.16 ,  0.19 ,  0.12 ,  0.15 ,  0.28 ,  0.73 ,  1.37 ,  1.11 ,  0.98 
SEAFCO      ,,,  0.26 ,  0.22 ,  0.54 ,  0.07 ,  0.04 ,  0.17 ,  (0.19),  (0.19),  0.45 ,  0.45 ,  0.69 ,  0.50 
SE-ED       ,  0.40 ,  0.51 ,  0.31 ,  0.48 ,  0.52 ,  0.47 ,  0.50 ,  0.55 ,  0.62 ,  0.57 ,  0.52 ,  0.18 ,  0.21 ,  0.18 
SENA        ,,,,,,,,  0.30 ,  0.34 ,  0.45 ,  0.31 ,  0.29 ,  0.46 ,  0.22 
SF          ,,,  0.19 ,  0.09 ,  0.31 ,  0.24 ,  0.17 ,  0.11 ,  0.29 ,  0.40 ,  0.79 ,  0.29 ,  0.39 ,  0.79 
SFP         ,  11.44 ,  9.79 ,  1.46 ,  4.45 ,  0.63 ,  (2.26),  14.15 ,  7.77 ,  (0.62),  7.85 ,  2.47 ,  24.32 ,  1.62 ,  (4.21)
SGF         ,  0.05 ,  (0.11),  0.07 ,  0.03 ,  (0.41),  (0.01),  0.16 ,  0.03 ,  (0.04),  (0.00),  0.01 ,  0.00 ,  0.02 ,  0.00 
SGP         ,,,,,,,  1.15 ,  1.32 ,  1.93 ,  1.05 ,  0.86 ,  1.74 ,  (0.56),  1.21 
SHANG       ,  3.31 ,  1.80 ,  3.32 ,  3.73 ,  4.24 ,  3.78 ,  2.36 ,  (1.13),  (1.14),  (1.74),  0.77 ,  15.78 ,  6.78 ,  5.12 
SIAM        ,  (0.21),  0.20 ,  0.63 ,  0.40 ,  1.44 ,  0.33 ,  0.58 ,  0.08 ,  0.11 ,  0.52 ,  0.58 ,  (0.03),  (0.38),  0.10 
SIM         ,,  0.01 ,  0.01 ,  0.01 ,  0.01 ,  0.01 ,  0.03 ,  0.03 ,  0.03 ,  0.02 ,  0.04 ,  0.18 ,  0.16 ,  0.01 
SIMAT       ,,,,,,  0.07 ,  0.04 ,  0.12 ,  0.17 ,  0.18 ,  0.28 ,  0.11 ,  (0.15),  (0.20)
SINGER      ,  0.73 ,  0.89 ,  0.68 ,  0.33 ,  (4.57),  (1.85),  (0.30),  0.14 ,  0.33 ,  0.53 ,  0.84 ,  1.19 ,  0.89 ,  0.53 
SIRI        ,  0.01 ,  0.09 ,  0.06 ,  0.12 ,  0.05 ,  0.09 ,  0.12 ,  0.21 ,  0.24 ,  0.26 ,  0.32 ,  0.18 ,  0.25 ,  0.25 
SIS         ,,,  0.28 ,  0.34 ,  0.35 ,  0.49 ,  0.78 ,  0.91 ,  1.08 ,  0.52 ,  (2.66),  0.54 ,  0.53 ,  0.48 
SITHAI      ,  0.18 ,  0.06 ,  0.11 ,  0.09 ,  0.14 ,  0.06 ,  0.04 ,  0.02 ,  0.10 ,  0.10 ,  0.20 ,  0.18 ,  0.17 ,  0.16 
SKR         ,  0.99 ,  0.84 ,  0.83 ,  1.04 ,  0.59 ,  0.64 ,  0.86 ,  0.99 ,  1.23 ,  0.96 ,  1.04 ,  1.28 ,  1.32 ,  0.96 
SMIT        ,,,,  0.29 ,  0.30 ,  0.31 ,  0.27 ,  0.08 ,  0.38 ,  0.42 ,  0.57 ,  0.50 ,  0.37 ,  0.30 
SMK         ,  3.57 ,  4.15 ,  4.53 ,  5.14 ,  5.97 ,  8.07 ,  6.59 ,  12.11 ,  24.08 ,  22.79 ,  31.35 ,  43.50 ,  48.67 ,  44.32 
SMM         ,,,,  0.17 ,  (0.14),  (0.10),  (0.40),  0.10 ,  0.06 ,  0.03 ,  0.13 ,  0.07 ,  (0.03),  (0.13)
SMPC        ,  0.26 ,  (4.77),  0.08 ,  0.05 ,  0.41 ,  0.06 ,  1.60 ,  1.28 ,  (0.04),  0.39 ,  0.33 ,  0.26 ,  0.52 ,  0.85 
SMT         ,,,,,,,,  0.36 ,  0.70 ,  (1.80),  0.88 ,  0.17 ,  (0.13),  (0.07)
SNC         ,,,  0.26 ,  0.41 ,  0.81 ,  0.68 ,  0.33 ,  0.46 ,  1.27 ,  1.72 ,  1.72 ,  1.47 ,  1.31 ,  1.42 
SOLAR       ,,,,  0.45 ,  0.17 ,  (0.30),  0.01 ,  (0.38),  (0.13),  0.07 ,  0.38 ,  0.24 ,  0.07 ,  (0.07)
SORKON      ,  (0.07),  (0.39),  0.68 ,  0.62 ,  0.95 ,  (0.26),  0.37 ,  1.45 ,  1.96 ,  2.00 ,  2.99 ,  2.95 ,  3.57 ,  3.97 
SPACK       ,,,  0.07 ,  0.31 ,  0.43 ,  0.45 ,  0.42 ,  0.42 ,  0.42 ,  0.25 ,  0.10 ,  (0.16),  (0.30),  (0.12)
SPALI       ,  1.46 ,  1.68 ,  0.40 ,  0.67 ,  0.56 ,  0.53 ,  0.62 ,  1.44 ,  1.49 ,  1.50 ,  1.60 ,  1.68 ,  2.61 ,  2.53 
SPC         ,  0.49 ,  0.48 ,  1.22 ,  1.46 ,  1.31 ,  1.69 ,  1.80 ,  2.23 ,  2.36 ,  2.92 ,  3.05 ,  3.20 ,  3.76 ,  4.24 
SPCG        ,,,,,,,,,,,  0.07 ,  0.59 ,  1.79 ,  2.37 
SPG         ,  0.75 ,  0.75 ,  0.46 ,  0.40 ,  0.57 ,  0.94 ,  1.05 ,  1.23 ,  1.22 ,  0.96 ,  1.74 ,  1.89 ,  1.28 ,  1.41 
SPI         ,  1.40 ,  1.17 ,  1.57 ,  1.70 ,  1.46 ,  1.20 ,  1.87 ,  2.03 ,  2.07 ,  2.07 ,  2.64 ,  2.63 ,  2.33 ,  2.67 
SPORT       ,  0.53 ,  0.32 ,  0.34 ,  0.14 ,  0.31 ,  (0.01),  0.08 ,  0.13 ,  0.15 ,  0.13 ,  0.10 ,  0.04 ,  (0.37),  (0.09)
SPPT        ,,,,  0.64 ,  0.64 ,  0.36 ,  0.25 ,  0.23 ,  0.33 ,  (0.76),  1.33 ,  0.07 ,  (0.10),  (0.11)
SSC         ,  2.20 ,  2.28 ,  2.02 ,  1.93 ,  1.96 ,  1.25 ,  0.52 ,  1.33 ,  1.76 ,  0.21 ,  2.26 ,  (1.24),  1.08 ,  (1.15)
SSF         ,  (0.07),  (0.15),  0.38 ,  0.25 ,  0.26 ,  0.27 ,  0.64 ,  1.00 ,  0.19 ,  1.03 ,  1.10 ,  (0.03),  0.64 ,  0.64 
SSI         ,  0.40 ,  0.35 ,  0.40 ,  (0.12),  0.20 ,  0.07 ,  (0.39),  0.10 ,  0.18 ,  (0.05),  (0.59),  (0.22),  (0.15),  (1.27)
SSSC        ,  0.14 ,  1.22 ,  2.73 ,  3.07 ,  6.50 ,  4.48 ,  7.16 ,  1.88 ,  5.23 ,  4.86 ,  7.26 ,  7.71 ,  5.08 ,  3.09 
SST         ,  0.09 ,  0.10 ,  0.17 ,  0.15 ,  0.15 ,  0.09 ,  0.14 ,  0.17 ,  0.15 ,  1.16 ,  (0.44),  (0.26),  0.87 ,  (0.15)
STA         ,  0.47 ,  0.24 ,  0.90 ,  (0.17),  0.58 ,  0.11 ,  0.63 ,  2.14 ,  3.85 ,  1.02 ,  1.08 ,  1.42 ,  0.81 ,  0.87 
STANLY      ,  4.41 ,  6.31 ,  9.97 ,  11.32 ,  13.92 ,  15.03 ,  16.91 ,  14.47 ,  12.50 ,  18.63 ,  9.48 ,  21.18 ,  19.41 ,  15.11 
STAR        ,,,,  0.26 ,  0.08 ,  0.11 ,  0.04 ,  0.09 ,  0.04 ,  (0.11),  (0.24),  (0.07),  (0.18),  (0.32)
STEC        ,  0.48 ,  0.46 ,  0.09 ,  0.36 ,  (1.17),  0.01 ,  0.12 ,  0.20 ,  0.29 ,  0.59 ,  0.76 ,  1.14 ,  1.00 ,  1.00 
STHAI       ,,,  (0.01),  (0.01),  (0.06),  (0.02),  (0.02),  (0.01),  (0.01),  (0.00),  (0.05),  (0.01),  (0.01),  0.00 
STPI        ,  (0.10),  0.06 ,  (0.04),  0.12 ,  0.21 ,  (0.01),  0.84 ,  0.84 ,  1.25 ,  0.25 ,  0.67 ,  1.17 ,  1.62 ,  1.60 
SUC         ,  3.21 ,  3.44 ,  1.41 ,  2.86 ,  4.00 ,  1.84 ,  0.94 ,  3.27 ,  6.08 ,  2.46 ,  4.10 ,  3.13 ,  3.34 ,  3.06 
SUPER       ,,,,  0.01 ,  (0.03),  (0.03),  (0.02),  (0.06),  (0.01),  (0.01),  0.01 ,  0.01 ,  (0.00),  (0.03)
SUSCO       ,  0.16 ,  0.08 ,  0.05 ,  0.06 ,  (0.02),  (0.04),  (0.00),  0.10 ,  0.07 ,  0.13 ,  0.93 ,  0.16 ,  0.31 ,  0.14 
SVH         ,  (0.74),  (0.41),  2.65 ,  1.10 ,  2.37 ,  2.73 ,  4.74 ,  4.80 ,  5.89 ,  7.68 ,  9.99 ,  10.04 ,  12.81 ,  13.57 
SVI         ,  0.03 ,  0.11 ,  0.11 ,  0.16 ,  0.18 ,  0.23 ,  0.38 ,  0.31 ,  0.33 ,  (0.57),  0.56 ,  0.72 ,  (0.13),  0.90 
SVOA        ,  0.19 ,  0.17 ,  0.27 ,  0.14 ,  0.25 ,  0.27 ,  0.16 ,  0.17 ,  0.20 ,  0.18 ,  0.11 ,  0.09 ,  0.09 ,  0.18 
SWC         ,,,  0.08 ,  0.30 ,  0.28 ,  0.43 ,  0.34 ,  0.54 ,  0.51 ,  0.51 ,  0.65 ,  0.78 ,  0.59 ,  0.81 
SYMC        ,,,,,,,,,  0.61 ,  0.65 ,  0.72 ,  0.76 ,  0.56 ,  0.35 
SYNEX       ,,,,,,,  0.16 ,  0.27 ,  0.36 ,  0.50 ,  0.48 ,  0.29 ,  0.24 ,  0.47 
SYNTEC      ,  7.68 ,,  (0.08),  (0.03),  0.14 ,  0.16 ,  0.17 ,  0.20 ,  0.13 ,  0.06 ,  (0.08),  0.05 ,  0.25 ,  0.40 
TAPAC       ,,,,  0.08 ,  0.23 ,  0.02 ,  0.25 ,  0.31 ,  0.46 ,  0.39 ,  0.44 ,  0.12 ,  0.22 ,  0.17 
TASCO       ,  (0.08),  (0.00),  0.03 ,  0.15 ,  0.23 ,  0.20 ,  (0.71),  0.32 ,  0.66 ,  0.48 ,  0.42 ,  0.54 ,  0.78 ,  3.29 
TBSP        ,  4.45 ,  6.65 ,  8.74 ,  5.61 ,  7.78 ,  6.75 ,  6.20 ,  6.25 ,  4.05 ,  8.43 ,  7.99 ,  6.96 ,  8.50 ,  5.36 
TC          ,  0.10 ,  0.12 ,  0.07 ,  0.07 ,  (0.20),  (0.21),  0.33 ,  0.40 ,  0.12 ,  0.22 ,  0.29 ,  (0.08),  0.50 ,  0.55 
TCAP        ,  1.29 ,  2.00 ,  2.24 ,  2.33 ,  1.10 ,  2.11 ,  2.08 ,  3.83 ,  4.23 ,  3.75 ,  4.29 ,  7.22 ,  4.01 ,  4.25 
TCB         ,  2.09 ,  1.80 ,  2.11 ,  2.96 ,  3.11 ,  4.32 ,  1.50 ,  3.62 ,  4.26 ,  2.69 ,  2.76 ,  0.78 ,  3.76 ,  3.31 
TCC         ,  (0.79),  (0.44),  0.07 ,  0.13 ,  (0.24),  (0.06),  (0.16),  (0.08),  0.03 ,  0.09 ,  0.01 ,  (0.04),  0.02 ,  0.02 
TCCC        ,  0.50 ,  0.83 ,  0.99 ,  1.05 ,  0.90 ,  1.11 ,  0.21 ,  1.58 ,  3.07 ,  1.73 ,  2.51 ,  3.85 ,  3.35 ,  2.33 
TCJ         ,  (13.26),  28.31 ,  1.26 ,  0.96 ,  1.25 ,  0.35 ,  (2.14),  (0.40),  0.44 ,  0.51 ,  1.24 ,  0.92 ,  0.78 ,  0.57 
TCMC        ,  0.03 ,  0.03 ,  0.09 ,  0.11 ,  0.11 ,  0.10 ,  0.13 ,  0.10 ,  0.10 ,  (0.48),  0.92 ,  0.06 ,  0.25 ,  0.30 
TCOAT       ,  1.59 ,  1.68 ,  3.41 ,  2.08 ,  1.50 ,  2.55 ,  1.68 ,  3.70 ,  2.07 ,  1.21 ,  1.80 ,  1.81 ,  (0.38),  2.56 
TEAM        ,,,  0.10 ,  0.27 ,  0.50 ,  0.53 ,  0.12 ,  (0.04),  0.17 ,  0.07 ,  0.05 ,  0.01 ,  0.09 ,  (0.17)
TF          ,  3.50 ,  2.79 ,  3.11 ,  3.99 ,  4.42 ,  3.94 ,  4.06 ,  7.28 ,  7.65 ,  5.94 ,  8.19 ,  8.97 ,  9.31 ,  10.62 
TFD         ,  0.01 ,  (0.07),  0.05 ,  0.05 ,  0.07 ,  0.05 ,  0.06 ,  0.05 ,  (0.05),  0.16 ,  0.51 ,  0.14 ,  (0.13),  (0.22)
TFI         ,  0.04 ,  0.02 ,  (0.04),  (0.05),  (0.46),  (0.11),  0.10 ,  (0.11),  (0.04),  0.04 ,,  (0.09),  (0.10),  0.01 
TGCI        ,  0.23 ,  0.44 ,  (0.13),  (0.27),  (0.85),,  (0.44),  0.00 ,  0.33 ,  0.30 ,  0.29 ,  0.12 ,  0.16 ,  0.17 
TGPRO       ,  (66.90),  (18.88),  14.85 ,  (0.07),  0.09 ,  0.02 ,  (0.28),  (0.19),  (1.22),  0.23 ,  0.02 ,  0.01 ,  0.00 ,  (0.02)
TH          ,  0.02 ,  0.03 ,  0.01 ,,  0.01 ,  (0.00),  0.00 ,  (0.00),  0.00 ,  0.00 ,  0.03 ,  (0.03),  0.02 ,  (0.05)
THAI        ,  7.27 ,  8.90 ,  5.98 ,  3.99 ,  5.29 ,  1.08 ,  (12.58),  4.32 ,  7.03 ,  (4.67),  2.85 ,  (5.52),  (7.15),  (5.99)
THANA       ,,,,,,,,  0.23 ,  0.44 ,  0.04 ,  (0.07),  0.15 ,  0.03 ,  0.07 
THANI       ,  0.01 ,  0.06 ,  0.09 ,  0.06 ,  0.03 ,  0.05 ,  0.05 ,  0.07 ,  0.13 ,  0.08 ,  0.20 ,  0.31 ,  0.29 ,  0.31 
THCOM       ,  1.61 ,  1.23 ,  0.98 ,  1.11 ,  (0.04),  2.78 ,  (0.65),  (0.43),  (0.72),  (0.45),  0.16 ,  1.03 ,  1.46 ,  1.94 
THIP        ,  3.78 ,  0.39 ,  (1.63),  11.64 ,  3.39 ,  4.53 ,  1.34 ,  8.14 ,  6.66 ,  7.61 ,  11.38 ,  13.86 ,  15.01 ,  30.18 
THL         ,  (0.04),  (0.08),  (0.09),  (0.09),  0.00 ,  (0.20),  0.15 ,  (0.47),  (1.12),  0.03 ,  (0.30),  (0.49),  (0.56),  (0.16)
THRE        ,  0.30 ,  0.31 ,  0.35 ,  0.37 ,  0.36 ,  0.40 ,  0.36 ,  0.40 ,  0.45 ,  (1.28),  (1.22),  (0.79),  (0.46),  0.63 
TIC         ,  2.11 ,  3.22 ,  2.49 ,  1.26 ,  1.34 ,  1.82 ,  0.09 ,  0.93 ,  2.44 ,  (1.90),  (1.73),  2.51 ,  1.99 ,  0.72 
TICON       ,  0.29 ,  0.45 ,  0.63 ,  1.40 ,  1.35 ,  1.63 ,  1.10 ,  0.99 ,  1.17 ,  0.56 ,  1.47 ,  1.55 ,  0.69 ,  0.70 
TIP         ,  1.04 ,  1.21 ,  1.69 ,  1.73 ,  1.74 ,  1.79 ,  1.82 ,  1.83 ,  1.91 ,  0.12 ,  0.88 ,  3.85 ,  4.49 ,  4.95 
TIPCO       ,  0.41 ,  0.69 ,  0.59 ,  0.68 ,  0.82 ,  1.15 ,  0.12 ,  0.43 ,  0.30 ,  0.71 ,  0.45 ,  0.24 ,  0.16 ,  2.46 
TISCO       ,,,,,,,,  2.74 ,  3.97 ,  4.49 ,  5.09 ,  5.31 ,  5.31 ,  5.31 
TIW         ,  2.20 ,  13.15 ,  9.65 ,  14.65 ,  5.66 ,  9.42 ,  6.62 ,  5.77 ,  17.85 ,  13.21 ,  9.25 ,  18.47 ,  (2.44),  (1.33)
TK          ,,  0.78 ,  0.85 ,  0.69 ,  0.50 ,  0.58 ,  0.65 ,  0.67 ,  1.06 ,  1.25 ,  1.42 ,  0.86 ,  0.39 ,  0.82 
TKS         ,,  0.18 ,  0.15 ,  0.20 ,  0.28 ,  0.30 ,  0.06 ,  0.15 ,  0.42 ,  0.66 ,  0.59 ,  0.65 ,  0.78 ,  0.79 
TKT         ,,,  0.12 ,  0.19 ,  0.06 ,  0.12 ,  0.19 ,  0.11 ,  0.19 ,  (0.07),  0.41 ,  0.18 ,  0.09 ,  0.06 
TLUXE       ,  0.16 ,  0.19 ,  0.08 ,  0.48 ,  0.65 ,  0.21 ,  0.20 ,  0.31 ,  0.62 ,  0.46 ,  0.39 ,  0.10 ,  (0.02),  (0.07)
TMB         ,  (0.07),  (1.51),  0.06 ,  0.53 ,  (0.71),  (1.05),  0.01 ,  0.05 ,  0.07 ,  0.09 ,  0.04 ,  0.13 ,  0.22 ,  0.21 
TMD         ,  0.65 ,  0.80 ,  1.02 ,  0.75 ,  0.88 ,  0.96 ,  0.96 ,  1.07 ,  0.97 ,  1.32 ,  2.08 ,  1.86 ,  1.79 ,  1.96 
TMI         ,,,,,,,,,  0.05 ,  0.04 ,  0.07 ,  0.03 ,  (0.00),  0.00 
TMT         ,,,,  0.39 ,  0.67 ,  0.54 ,  1.73 ,  0.59 ,  0.57 ,  0.19 ,  1.04 ,  1.01 ,  0.77 ,  0.74 
TMW         ,,,  2.51 ,  3.35 ,  2.48 ,  2.30 ,  1.98 ,  0.85 ,  0.86 ,  1.64 ,  0.42 ,  13.13 ,  3.73 ,  3.17 
TNDT        ,,,,,,  0.38 ,  0.51 ,  0.65 ,  0.41 ,  0.76 ,  0.76 ,  0.86 ,  0.88 ,  0.61 
TNH         ,,,,,  0.30 ,  0.59 ,  0.71 ,  0.98 ,  0.76 ,  0.96 ,  0.82 ,  0.96 ,  1.00 ,  1.15 
TNITY       ,  0.31 ,  0.84 ,  0.58 ,  0.36 ,  0.06 ,  0.33 ,  (0.63),  (0.06),  0.20 ,  0.59 ,  0.59 ,  0.70 ,  0.97 ,  0.74 
TNL         ,  1.45 ,  1.52 ,  1.78 ,  2.24 ,  2.10 ,  1.65 ,  1.74 ,  1.28 ,  1.55 ,  2.33 ,  2.41 ,  1.73 ,  1.73 ,  1.44 
TNPC        ,  0.07 ,  (0.13),  (0.23),  0.43 ,  0.09 ,  0.03 ,  0.94 ,  0.09 ,  0.06 ,  (0.42),  0.36 ,  0.48 ,  (0.03),  0.11 
TOG         ,,,,,  0.19 ,  0.29 ,  0.31 ,  0.28 ,  0.30 ,  (0.14),  0.35 ,  0.33 ,  0.43 ,  0.48 
TOP         ,,,  7.39 ,  9.19 ,  8.13 ,  9.40 ,  0.11 ,  5.91 ,  4.41 ,  7.28 ,  6.04 ,  5.09 ,  (1.97),  5.97 
TOPP        ,  7.75 ,  4.76 ,  8.77 ,  7.42 ,  6.81 ,  6.49 ,  7.64 ,  10.34 ,  13.86 ,  13.05 ,  14.69 ,  16.28 ,  16.37 ,  16.05 
TPA         ,  0.56 ,  0.55 ,  0.71 ,  0.63 ,  0.90 ,  0.41 ,  0.40 ,  0.50 ,  0.43 ,  0.55 ,  0.87 ,  0.28 ,  0.26 ,  0.51 
TPAC        ,,,,  0.18 ,  0.27 ,  0.37 ,  0.37 ,  0.55 ,  0.55 ,  0.38 ,  0.50 ,  0.61 ,  0.46 ,  0.50 
TPC         ,  1.39 ,  1.49 ,  3.60 ,  3.22 ,  2.82 ,  2.93 ,  2.53 ,  2.13 ,  2.13 ,  2.15 ,  3.81 ,  2.98 ,  0.97 ,  2.58 
TPCORP      ,  3.06 ,  3.19 ,  3.07 ,  3.07 ,  1.97 ,  0.98 ,  0.52 ,  0.38 ,  0.40 ,  0.54 ,  0.67 ,  0.44 ,  0.88 ,  0.83 
TPIPL       ,  (0.29),  0.94 ,  0.51 ,  0.19 ,  0.14 ,  0.12 ,  (0.27),  0.24 ,  0.11 ,  0.48 ,  0.01 ,  0.03 ,  0.07 ,  0.02 
TPOLY       ,,,,,,,,,  0.19 ,  0.11 ,  (0.43),  (0.86),  (0.59),  (0.49)
TPP         ,  (0.47),  1.81 ,  (0.06),  0.22 ,  0.02 ,  1.49 ,  (1.69),  0.46 ,  0.79 ,  (0.64),  1.20 ,  0.57 ,  0.73 ,  0.38 
TPROP       ,  (0.61),  2.87 ,  0.11 ,  0.00 ,  (0.01),  (0.00),  0.00 ,  0.00 ,  0.05 ,  0.11 ,  (0.07),  (0.03),  0.07 ,  (0.10)
TR          ,  4.09 ,  4.86 ,  6.23 ,  7.60 ,  5.76 ,  12.35 ,  11.08 ,  2.29 ,  15.09 ,  14.05 ,,  (0.10),  (4.80),
TRC         ,,,,,,,,,,,,  0.03 ,  0.05 ,  0.06 
TRS         ,  0.36 ,  0.76 ,  0.05 ,  (3.86),  (1.93),  (5.79),  (5.89),  (7.49),  (0.95),  (0.73),  0.25 ,  0.32 ,  (0.21),  0.15 
TRT         ,,,,,  0.11 ,  0.20 ,  0.33 ,  0.84 ,  0.49 ,  0.65 ,  0.10 ,  0.58 ,  0.16 ,  (0.15)
TRU         ,  0.67 ,  0.56 ,  0.88 ,  0.20 ,  (0.04),  (0.02),  (0.02),  (0.19),  0.36 ,  0.31 ,  0.92 ,  0.60 ,  0.26 ,  0.25 
TRUBB       ,  0.12 ,  (0.02),  (0.07),  (0.16),  0.16 ,  0.01 ,  (0.33),  0.20 ,  0.41 ,  0.18 ,  (0.40),  (0.23),  (0.18),  (0.11)
TRUE        ,  (1.07),  (1.13),  0.11 ,  (0.75),  (0.65),  0.27 ,  (0.37),  0.10 ,  0.15 ,  (0.16),  (0.45),  (0.54),  0.06 ,  0.18 
TSC         ,,,,  1.06 ,  0.86 ,  0.77 ,  0.74 ,  0.57 ,  1.15 ,  0.77 ,  0.59 ,  1.26 ,  0.49 ,  0.56 
TSF         ,,,,  0.00 ,  0.00 ,  (0.00),  (0.00),  (0.01),  0.00 ,  0.01 ,  (0.03),  (0.11),  (0.13),  (0.11)
TSI         ,  0.01 ,  0.02 ,  0.04 ,  0.06 ,  0.05 ,  0.06 ,  (0.02),  0.00 ,  (0.25),  (0.39),  (0.29),  (0.03),  (0.18),  0.01 
TSTE        ,  0.15 ,  0.20 ,  0.18 ,  0.13 ,  0.04 ,  0.11 ,  0.52 ,  0.31 ,  0.19 ,  0.37 ,  0.34 ,  0.11 ,  0.61 ,  0.42 
TSTH        ,  (0.03),  (0.01),  0.26 ,  0.06 ,  0.09 ,  0.05 ,  0.35 ,  0.01 ,  (0.01),  (0.12),  (0.19),  (0.56),  0.00 ,  (0.07)
TTA         ,  0.72 ,  1.34 ,  5.15 ,  7.08 ,  4.17 ,  5.92 ,  10.45 ,  2.16 ,  0.95 ,  0.17 ,  (5.50),  (4.66),  0.11 ,  (6.22)
TTCL        ,,,,,,,,  0.68 ,  0.70 ,  0.83 ,  1.14 ,  1.17 ,  0.82 ,  0.75 
TTI         ,  0.02 ,  4.03 ,  4.50 ,  4.31 ,  4.19 ,  (0.63),  0.49 ,  (2.60),  0.81 ,  0.55 ,  (1.88),  0.52 ,  (1.19),  0.13 
TTL         ,  5.62 ,  4.75 ,  4.12 ,  (2.54),  (3.47),  (2.46),,  1.67 ,  2.36 ,  4.37 ,  31.23 ,  5.65 ,  (24.88),  6.42 
TTTM        ,  8.56 ,  17.69 ,  12.20 ,  7.23 ,  0.18 ,  5.68 ,  0.79 ,  13.48 ,  13.97 ,  12.76 ,  27.65 ,  21.96 ,  3.84 ,  0.87 
TTW         ,,,,,,,  0.34 ,  0.40 ,  0.52 ,  0.53 ,  0.61 ,  0.65 ,  0.75 ,  0.67 
TVI         ,  0.03 ,  0.21 ,  0.01 ,  0.09 ,  0.12 ,  0.10 ,  (0.11),  0.06 ,  0.21 ,  0.14 ,  0.54 ,  0.33 ,  0.59 ,  0.07 
TVO         ,  0.80 ,  1.05 ,  0.63 ,  0.81 ,  0.75 ,  2.01 ,  1.20 ,  2.33 ,  1.99 ,  0.92 ,  2.20 ,  1.19 ,  2.08 ,  2.35 
TWP         ,  (7.50),  (0.20),  6.93 ,  0.62 ,  0.61 ,  0.49 ,  0.18 ,  (0.01),  0.16 ,  0.28 ,  0.31 ,  0.80 ,  1.19 ,  0.22 
TWZ         ,,,,  0.00 ,  0.01 ,  0.00 ,  0.01 ,,  0.04 ,  0.01 ,  0.00 ,  0.03 ,  0.02 ,  0.00 
TYCN        ,,  0.92 ,  1.50 ,  0.20 ,  (0.51),  (0.11),  0.05 ,  (2.52),  0.65 ,  0.39 ,  (0.67),  (0.96),  0.05 ,  (0.75)
UAC         ,,,,,,,,,  0.14 ,  0.14 ,  0.20 ,  0.21 ,  0.09 ,  0.15 
UBIS        ,,,,,,  0.26 ,  0.25 ,  0.31 ,  0.31 ,  0.29 ,  0.33 ,  0.38 ,  0.36 ,  0.64 
UEC         ,,,,  0.07 ,  0.13 ,  0.58 ,  0.48 ,  0.36 ,  0.25 ,  0.30 ,  0.44 ,  0.36 ,  0.37 ,  0.15 
UKEM        ,,,,,  0.01 ,  0.01 ,  0.07 ,  0.08 ,  0.12 ,  0.23 ,  0.16 ,  0.09 ,  0.08 ,  0.09 
UMI         ,  (0.05),  1.59 ,  0.13 ,  0.02 ,  (0.18),  (0.17),  (0.14),  0.15 ,  0.26 ,  0.14 ,  0.79 ,  0.03 ,  0.04 ,  (0.23)
UMS         ,,,  0.18 ,  0.22 ,  0.23 ,  1.04 ,  1.10 ,  0.24 ,  0.19 ,  0.16 ,  (0.78),  (1.01),  (0.06),  (1.00)
UNIQ        ,,,,,,  0.25 ,  0.18 ,  0.22 ,  0.24 ,  (0.02),  0.49 ,  0.75 ,  0.46 ,  0.66 
UOBKH       ,,,,  0.38 ,  0.41 ,  0.35 ,  0.17 ,  0.23 ,  0.28 ,  0.28 ,  0.33 ,,  0.52 ,  0.47 
UP          ,  1.05 ,  2.09 ,  1.61 ,  1.68 ,  3.32 ,  2.32 ,  2.67 ,  0.55 ,  2.02 ,  2.31 ,,  2.94 ,  1.90 ,  1.13 
UPF         ,  8.24 ,  3.20 ,  3.16 ,  3.32 ,  1.96 ,  2.28 ,  2.46 ,  15.27 ,  5.74 ,  4.24 ,  5.25 ,  2.97 ,  3.35 ,  4.91 
UPOIC       ,  0.15 ,  0.57 ,  0.43 ,  0.12 ,  0.48 ,  0.64 ,  1.02 ,  0.53 ,  0.38 ,  1.20 ,  1.01 ,  0.68 ,  0.58 ,  (0.04)
UT          ,  0.19 ,  (0.98),  (2.34),  (3.21),  0.57 ,  0.36 ,  (0.40),  (0.66),  10.57 ,  0.51 ,  (2.05),  0.36 ,  (0.49),  0.64 
UTP         ,,,  0.20 ,  0.04 ,  0.07 ,  0.00 ,  (0.05),  0.01 ,  0.10 ,  0.02 ,  0.14 ,  0.33 ,  0.31 ,  0.25 
UV          ,  0.12 ,  0.33 ,  0.13 ,  0.17 ,  0.21 ,  0.10 ,  0.06 ,  0.01 ,  0.06 ,  0.06 ,  0.11 ,  0.09 ,  0.21 ,  0.33 
UVAN        ,,  0.43 ,  0.41 ,  0.21 ,  0.40 ,  0.54 ,  1.54 ,  0.62 ,  0.57 ,  1.36 ,  1.04 ,  0.78 ,  0.68 ,  0.40 
VARO        ,  0.79 ,  0.52 ,  1.91 ,  1.01 ,  1.09 ,  0.59 ,  0.03 ,  0.62 ,  0.32 ,  0.53 ,  (0.70),  (0.97),  0.03 ,  (0.28)
VIBHA       ,  0.00 ,  0.01 ,  0.01 ,  0.01 ,  0.01 ,  0.01 ,  0.02 ,  0.02 ,  0.02 ,  0.01 ,  0.03 ,  0.04 ,  0.05 ,  0.06 
VNG         ,  0.98 ,  0.66 ,  0.79 ,  0.49 ,  0.46 ,  0.32 ,  0.26 ,  0.08 ,  0.53 ,  0.30 ,  0.19 ,  (0.12),  0.48 ,  0.91 
VNT         ,  0.85 ,  0.92 ,  1.43 ,  2.02 ,  0.39 ,  0.55 ,  0.87 ,  0.83 ,  1.27 ,  1.68 ,  1.42 ,  0.17 ,  (0.81),  0.48 
VTE         ,,,,,,,,,,  0.06 ,  0.05 ,  (1.35),  (0.81),  (0.14)
WACOAL      ,  2.62 ,  3.24 ,  3.10 ,  3.10 ,  3.29 ,  2.93 ,  3.69 ,  2.96 ,  2.97 ,  3.28 ,  3.48 ,  2.12 ,  2.31 ,  2.79 
WAVE        ,  (0.19),  0.26 ,  0.30 ,  0.25 ,  0.11 ,  (0.62),  (0.07),  (0.03),  0.01 ,  (0.04),  (0.01),  0.02 ,  0.23 ,  0.11 
WG          ,  2.96 ,  3.69 ,  3.89 ,  4.90 ,  5.64 ,  7.35 ,  7.86 ,  7.50 ,  9.56 ,  9.44 ,  10.46 ,  11.05 ,  10.20 ,  9.80 
WIN         ,  (0.46),  (0.10),  (0.06),  0.04 ,  (0.07),  (0.30),  (0.19),  (0.14), #DIV/0! , #DIV/0! ,,  (0.01),  (0.01),  (0.01)
WORK        ,,,  0.59 ,  0.86 ,  0.87 ,  0.71 ,  0.46 ,  0.21 ,  0.53 ,  0.93 ,  1.12 ,  0.71 ,  0.06 ,  0.39 
WR          ,,  (0.81),  (6.70),  (2.51),  (1.82),  (1.55),  (1.00),  (10.34),  10.60 ,  (0.08),  (0.02),  (0.04),  (0.03),  (0.00)
YCI         ,  (1.25),  (0.44),  0.90 ,  1.51 ,  0.28 ,  (1.91),  (6.11),  (6.30),  (1.88),  (0.32),  (3.78),  (5.92),  (4.53),  (1.58)
YUASA       ,  0.16 ,  0.04 ,  0.04 ,  (1.96),  (1.74),  (1.53),  (0.29),  0.41 ,  0.45 ,  0.84 ,  0.50 ,  0.14 ,  (0.07),  0.41 
ZMICO       ,  0.28 ,  0.82 ,  0.52 ,  0.19 ,  0.16 ,  0.05 ,  (0.18),  0.02 ,  0.07 ,  0.02 ,  0.10 ,  0.10 ,  0.12 ,  0.05 
BCH         ,,,  0.06 ,  0.06 ,  0.09 ,  0.11 ,  0.14 ,  0.27 ,  0.26 ,  0.27 ,  0.37 ,  0.23 ,  0.21 ,  0.21 
AMARIN      ,  0.88 ,  0.89 ,  0.99 ,  1.06 ,  1.23 ,  1.02 ,  1.25 ,  1.01 ,  1.12 ,  1.07 ,  1.59 ,  1.30 ,  (0.39),  (1.90)
GSTEL       ,,,,,  0.76 ,  0.70 ,  (0.45),  (3.75),  (3.07),  (0.74),  (0.86),  (0.18),  (0.27),  (0.47)
PJW         ,,,,,,,,,,,  0.35 ,  0.25 ,  0.06 ,  0.17 
VIH         ,,,,,,,,,,,  0.02 ,  0.11 ,  0.17 ,  0.18 
AAV         ,,,,,,,,,,,  3.23 ,  0.22 ,  0.04 ,  0.22 
FPI         ,,,,,,,,,,,  0.14 ,  0.14 ,  0.17 ,  0.16 
JMT         ,,,,,,,,,,,  0.36 ,  0.24 ,  0.39 ,  0.26 
WHA         ,,,,,,,,,,,  0.02 ,  0.14 ,  0.09 ,  0.14 
SNP         ,  0.58 ,  0.49 ,  0.49 ,  0.47 ,  0.45 ,  0.35 ,  0.43 ,  0.56 ,  0.73 ,  0.87 ,  1.35 ,  1.28 ,  1.01 ,  1.24 
UWC         ,,,,,,,,,,,  0.00 ,  (0.01),  0.00 ,  0.00 
SRICHA      ,,,,,,,,,,,  3.36 ,  3.01 ,  2.78 ,  1.10 
TVD         ,,,,,,,,,,,  0.09 ,  0.06 ,  (0.02),  (0.06)
ANAN        ,,,,,,,,,,,  (0.09),  0.24 ,  0.39 ,  0.36 
HOTPOT      ,,,,,,,,,,,  0.06 ,  0.11 ,  (0.13),  (0.23)
PPS         ,,,,,,,,,,,  0.03 ,  0.04 ,  0.04 ,  0.01 
TMC         ,,,,,,,,,,,  0.45 ,  0.02 ,  (0.17),
TMILL       ,,,,,,,,,,,  0.30 ,  0.21 ,  0.17 ,  0.17 
BEAUTY      ,,,,,,,,,,,  0.06 ,  0.07 ,  0.10 ,  0.13 
ARROW       ,,,,,,,,,,,  0.38 ,  0.52 ,  0.60 ,  0.98 
DNA         ,,,,,,,,,,,  0.01 ,  0.01 ,  (0.01),  (0.09)
MPG         ,,,,,,,,,,,,,  0.01 ,  (0.06)
ABC         ,  0.00 ,  0.00 ,  0.00 ,  (0.00),  (0.00),  (0.00),  0.00 ,  (0.00),  (0.00),  0.00 ,  (0.01),  (0.02),  (0.01),  (0.01)
KKP         ,  4.03 ,  4.55 ,  4.52 ,  4.84 ,  3.94 ,  4.13 ,  3.57 ,  4.26 ,  4.48 ,  4.50 ,  4.07 ,  5.27 ,  3.13 ,  3.92 
WIIK        ,  0.18 ,  0.17 ,  (0.04),  0.20 ,  0.06 ,  (0.13),  0.08 ,  0.00 ,  (0.13),  (0.14),  (0.03),  0.00 ,  (0.02),  0.28 
AEC         ,  0.14 ,  0.34 ,  0.09 ,,  (0.02),  0.02 ,  (0.08),  0.00 ,,  (0.00),  0.01 ,  (0.04),  0.01 ,  (0.16)
PRINC       ,,,,  0.23 ,  0.08 ,  (0.19),  0.67 ,  (0.40),  0.12 ,  (0.18),  (0.11),  (0.00),  0.01 ,  0.02 
EFORL       ,,,,,,,,  (0.01),  (0.03),  (0.01),  (0.02),  0.00 ,  0.03 ,  0.02 
VGI         ,,,,,,,,,,,,  0.13 ,  0.17 ,  0.12 
AKP         ,,,,,,,,,,,,  0.10 ,  0.12 ,  0.14 
EA          ,,,,,,,,,,,,  0.07 ,  0.43 ,  0.72 
PPP         ,,,,,,,,,,,,  0.44 ,  0.55 ,  0.46 
ECF         ,,,,,,,,,,,,  0.08 ,  0.13 ,  0.14 
SANKO       ,,,,,,,,,,,,  (0.06),  (0.06),  (0.01)
CHO         ,,,,,,,,,,,,  0.06 ,  0.12 ,  0.04 
CHG         ,,,,,,,,,,,,  0.04 ,  0.04 ,  0.05 
PTG         ,,,,,,,,,,,,  0.19 ,  0.30 ,  0.39 
MONO        ,,,,,,,,,,,,,,  (0.16)
NOK         ,,,,,,,,,,,,  1.71 ,  (0.75),  (1.16)
CKP         ,,,,,,,,,,,,  0.04 ,  0.08 ,  0.06 
MC          ,,,,,,,,,,,,  0.92 ,  0.89 ,  0.92 
PACE        ,,,,,,,,,,,,  (0.34),  (0.16),  (0.55)
AUCT        ,,,,,,,,,,,,  0.13 ,  0.37 ,  0.34 
M           ,,,,,,,,,,,,  2.25 ,  2.25 ,  2.04 
BKD         ,,,,,,,,,,,,  0.02 ,  0.11 ,  0.19 
SEAOIL      ,,,,,,,,,,,,  0.23 ,  0.22 ,  0.02 
CSS         ,,,,,,,,,,,,  0.13 ,  0.27 ,  0.22 
NYT         ,,,,,,,,,,,,  0.61 ,  0.65 ,  0.72 
WINNER      ,,,,,,,,,,,,  0.21 ,  0.19 ,  0.22 
THREL       ,,,,,,,,,,,,  0.64 ,  0.62 ,  0.65 
FVC         ,,,,,,,,,,,,  0.07 ,  0.06 ,  0.05 
BJCHI       ,,,,,,,,,,,,  0.75 ,  0.63 ,  0.83 
MEGA        ,,,,,,,,,,,,  0.72 ,  0.63 ,  0.80 
GCAP        ,,,,,,,,,,,,  0.21 ,  0.30 ,  0.28 
SPVI        ,,,,,,,,,,,,  0.04 ,  0.04 ,  0.02 
OCEAN       ,,,,,,,,,,,,  0.03 ,  0.04 ,  (0.01)
GEL         ,  (1.03),  0.74 ,  0.38 ,  (0.33),  0.26 ,  0.46 ,  (0.47),  (0.57),  (0.28),  (0.21),  0.12 ,  0.07 ,  0.03 ,  0.02 
SMG         ,  1.61 ,  2.62 ,  2.43 ,  1.89 ,  1.55 ,  1.59 ,  (1.74),  1.12 ,  1.54 ,  (1.58),  1.33 ,  3.00 ,  4.01 ,  3.81 
POLAR       ,  (120.15),  (158.21),  (312.35),  (290.39),  694.62 ,  1.54 ,  0.38 ,  (5.53),  (1.57),  (0.52),  (0.55),  (0.20),  0.02 ,  (0.02)
BIG         ,  0.01 ,  (0.10),  (0.05),  (0.11),  (0.46),  (0.70),  (1.15),  (0.87),  (0.26),  (0.30),  0.04 ,  0.22 ,  0.04 ,  0.13 
PRAKIT      ,  0.98 ,  1.58 ,  2.61 ,  0.76 ,  0.77 ,  0.77 ,  0.84 ,  0.62 ,  0.93 ,  1.18 ,  1.58 ,  1.30 ,  0.77 ,  1.94 
BDMS        ,  0.02 ,  0.04 ,  0.05 ,  0.07 ,  0.11 ,  0.10 ,  0.14 ,  0.14 ,  0.18 ,  0.28 ,  0.51 ,  0.40 ,  0.48 ,  0.51 
PK          ,  0.02 ,  0.02 ,  0.22 ,  0.28 ,  0.42 ,  (1.18),  (2.32),  (4.00),  0.40 ,  2.28 ,  0.85 ,  (0.20),  0.55 ,  0.27 
U           ,  5.47 ,  0.01 ,  (0.01),  (0.01),  (0.02),  (0.05),  (0.07),  (0.00),  0.00 ,  (0.00),  0.00 ,  0.00 ,  (0.00),  (0.00)
NPP         ,  0.13 ,  0.13 ,  (0.06),  (0.07),  0.01 ,  0.18 ,  0.01 ,  (0.02),  (0.07),  0.05 ,  0.46 ,  (0.07),  (0.17),  (0.16)
NEWS        ,,,  0.01 ,  0.01 ,  0.00 ,  (0.00),  0.00 ,  (0.02),  (1.03),  (0.50),  (0.36),  (0.30),  (0.09),  (0.10)
S           ,,,,,,  0.05 ,  0.01 ,  0.12 ,  0.19 ,  0.29 ,  0.08 ,  0.04 ,  (0.05),  (0.05)
THE         ,,,,,,  0.03 ,  0.11 ,  0.01 ,  0.38 ,  0.38 ,  0.01 ,  (0.51),  0.24 ,  (1.35)
COL         ,,,,,,,,,,,  0.90 ,  1.28 ,  1.37 ,  1.23 
GIFT        ,,,,,,,,,,  0.12 ,  0.17 ,  0.16 ,  0.25 ,  0.30 
UREKA       ,,,,,,,,,,,,  0.13 ,  (0.05),  (0.13)
KTIS        ,,,,,,,,,,,,,  0.35 ,  0.19 
PCSGH       ,,,,,,,,,,,,,  0.46 ,  0.35 
SUTHA       ,,,,,,,,,,,,,  0.43 ,  0.32 
OTO         ,,,,,,,,,,,,,  0.24 ,  0.24 
AIE         ,,,,,,,,,,,,,  0.02 ,  (0.02)
LIT         ,,,,,,,,,,,,,  0.24 ,  0.35 
AJD         ,,,,,,,,,,,,,  0.04 ,  0.00 
RWI         ,,,,,,,,,,,,,  0.14 ,  (0.03)
TSR         ,,,,,,,,,,,,,  0.21 ,  0.33 
ICHI        ,,,,,,,,,,,,,  0.83 ,  0.63 
AIRA        ,,,,,,,,,,,,,  0.01 ,  (0.02)
TAE         ,,,,,,,,,,,,,  0.22 ,  0.24 
PCA         ,,,,,,,,,,,,,0.19,0.21
CCN         ,,,,,,,,,,,,,0.09,0.05
SAWAD       ,,,,,,,,,,,,,0.82,1.28
RICHY       ,,,,,,,,,,,,,0.31,0.05
PDG         ,,,,,,,,,,,,,0.22,0.31
SAPPE       ,,,,,,,,,,,,,1.20,1.00
TAKUNI      ,,,,,,,,,,,,,0.04,0.16
XO          ,,,,,,,,,,,,,0.25,0.25
LDC         ,,,,,,,,,,,,,0.02,-0.07
SMART       ,,,,,,,,,,,,,0.09,-0.03
CBG         ,,,,,,,,,,,,,0.91,1.26
FSMART      ,,,,,,,,,,,,,0.19,0.34
BA          ,,,,,,,,,,,,,0.17,0.86
SPA         ,,,,,,,,,,,,,0.06,0.19
WP          ,,,,,,,,,,,,,0.00,0.04
TSE         ,,,,,,,,,,,,,0.32,0.29
BRR         ,,,,,,,,,,,,,0.35,0.40
MTLS        ,,,,,,,,,,,,,0.26,0.39
NCL         ,,,,,,,,,,,,,0.05,-0.19
FIRE        ,,,,,,,,,,,,,0.17,0.13
JSP         ,,,,,,,,,,,,,0.12,0.17
VPO         ,,,,,,,,,,,,,0.10,-0.13
KCM         ,,,,,,,,,,,,,0.01,0.03
PSTC        ,,,,,,,,,,,,,0.01,0.01
DCORP       ,,,,,,,,,,,,0.08,0.00,-1.73
ACC         ,,,0.26,-0.40,-0.41,0.06,0.04,,0.01,0.11,-0.01,,0.01,-0.01
TU          ,0.42,0.62,0.52,0.56,0.52,0.48,0.58,0.88,0.71,1.25,1.02,0.62,1.07,1.11
TT          ,-0.02,-0.01,-0.01,-0.01,-0.07,0.01,-0.05,-0.01,-0.08,-0.11,0.00,0.01,-0.01,0.00
VI          ,-5.98,-30.24,-31.08,-33.00,-1.12,-1.63,-2.34,-3.20,-1.98,-8.99,0.78,21.31,-1.75,4.11
FER         ,0.07,-0.29,0.29,0.29,0.11,0.24,0.20,0.21,0.11,-4.03,1.56,0.10,-0.40,-0.18
GREEN       ,,,,0.29,0.26,0.03,0.02,0.01,-0.14,-0.18,-0.56,-0.25,-0.21,-0.19
T           ,,,,,0.03,-0.12,-0.03,-0.06,-0.01,0.00,0.01,-0.01,-0.15,0.00
UPA         ,,,,,,,,,0.02,-0.33,-0.17,-0.11,-0.01,-0.06
TFG         ,,,,,,,,,,,,,,-0.31
PMTA        ,,,,,,,,,,,,,,2.30
CGH         ,,,,,,,,,,,,,,0.01
NDR         ,,,,,,,,,,,,,,0.16
TPCH        ,,,,,,,,,,,,,,0.12
EPG         ,,,,,,,,,,,,,,0.22
PLANB       ,,,,,,,,,,,,,,0.11
SCN         ,,,,,,,,,,,,,,0.19
S11         ,,,,,,,,,,,,,,0.58
PLAT        ,,,,,,,,,,,,,,0.22
SLP         ,,,,,,,,,,,,,,0.02
TVT         ,,,,,,,,,,,,,,0.06
GPSC        ,,,,,,,,,,,,,,1.27
ORI         ,,,,,,,,,,,,,,0.59
DAII        ,,,,,,,,,,,,,,0.10
HPT         ,,,,,,,,,,,,,,0.02
BR          ,,,,,,,,,,,,,,0.60
ASEFA       ,,,,,,,,,,,,,,0.38
WICE        ,,,,,,,,,,,,,,0.10
AMATAV      ,,,,,,,,,,,,,,0.13
COM7        ,,,,,,,,,,,,,,0.22
PIMO        ,,,,,,,,,,,,,,0.05
ATP30       ,,,,,,,,,,,,,,0.03
TKN         ,,,,,,,,,,,,,,0.29
JWD         ,,,,,,,,,,,,,,0.33
KOOL        ,,,,,,,,,,,,,,0.02
LPH         ,,,,,,,,,,,,,,0.13
J           ,,,,,,,,,,,,,,0.16
TWPC        ,,,,,,,,,,,,,,0.09
SCI         ,,,,,,,,,,,,,,0.25
RP          ,,,,,,,,,,,,,,0.46
SR          ,,,,,,,,,,,,,,0.11
TNP         ,,,,,,,,,,,,,,0.05
SPRC        ,,,,,,,,,,,,,,1.90
TACC        ,,,,,,,,,,,,,,0.11
K           ,,,,,,,,,,,,,,0.27