,2002,2003,2004,2005,2006,2007,2008,2009,2010,2011,2012,2013,2014,2015
2S          ,,,,,,,,  54.43 ,  42.00 ,  46.17 ,  10.56 ,  52.92 ,  71.60 ,  88.96 
A           ,,,  42.34 ,,,,,,,  29.92 ,  32.13 ,  213.39 ,,  18.09 
ABICO       ,,,,,,,,,,,,,,  11.17 
ACAP        ,,,,  92.96 ,  86.26 ,  16.20 ,  (48.03),,,,,  (232.37),,
ADAM        ,,  84.06 ,  40.81 ,,,,,,,,,,,
ADVANC      ,  39.80 ,  64.99 ,  69.03 ,  98.23 ,  114.48 ,  114.39 ,  113.72 ,  196.44 ,  99.99 ,  112.81 ,  92.90 ,  99.58 ,  99.01 ,  98.64 
AEONTS      ,  42.80 ,  36.65 ,  35.33 ,  37.94 ,  37.48 ,  40.85 ,  43.67 ,  44.04 ,  53.34 ,  54.74 ,  341.47 ,  51.08 ,  34.48 ,  35.68 
AF          ,,,  51.82 ,,  45.00 ,  57.80 ,  61.74 ,  65.69 ,,  77.95 ,  90.83 ,"  1,372.35 ","  2,548.06 ","  11,034.48 "
AFC         ,,,,,,,,,,,,,,
AGE         ,,,,,,,,  68.15 ,  1.91 ,  2.80 ,,  4.56 ,  (8.63),  74.58 
AH          ,  10.15 ,  20.12 ,  23.90 ,  26.34 ,  25.13 ,  25.24 ,  27.22 ,,  29.86 ,  (11.04),  18.22 ,  25.88 ,  26.37 ,  30.91 
AHC         ,  50.85 ,  49.71 ,  46.81 ,  24.27 ,  19.43 ,  35.53 ,  23.79 ,  30.49 ,  36.89 ,  43.00 ,  43.51 ,  50.36 ,  53.63 ,  51.46 
AI          ,,,  92.35 ,  81.01 ,,  107.09 ,  152.37 ,  51.02 ,  52.22 ,  286.10 ,  92.00 ,"  2,156.46 ",  106.58 ,  137.15 
AIT         ,,  40.96 ,  53.17 ,  58.42 ,  40.57 ,  79.86 ,  78.03 ,  67.76 ,  75.75 ,  76.60 ,  74.51 ,  99.96 ,  62.66 ,  79.43 
AJ          ,,  58.67 ,  31.13 ,  31.20 ,  35.22 ,  30.50 ,  29.15 ,  37.44 ,  32.85 ,  31.82 ,  31.53 ,,,  52.69 
AKR         ,,,,,  57.44 ,  165.42 ,  (166.21),,,,  3.95 ,  13.32 ,  89.83 ,  70.99 
ALUCON      ,  12.65 ,  47.84 ,  12.33 ,  50.00 ,  50.43 ,  50.72 ,  50.46 ,  28.08 ,  51.66 ,  57.07 ,  50.37 ,  50.88 ,  57.54 ,  55.74 
AMANAH      ,  66.06 ,  67.56 ,  41.62 ,  47.43 ,  60.37 ,  73.65 ,,,,,  129.98 ,,,
AMATA       ,  53.62 ,  39.43 ,  63.30 ,  64.28 ,  61.49 ,  55.62 ,  26.85 ,  33.50 ,  24.52 ,  33.19 ,  22.16 ,  35.20 ,  33.58 ,  40.36 
AMC         ,,,,  59.58 ,,,  38.52 ,,  39.49 ,  33.87 ,  52.70 ,  52.34 ,,
AOT         ,,,  35.94 ,  32.78 ,  37.85 ,  52.19 ,  50.34 ,  83.65 ,  55.49 ,  45.20 ,  39.56 ,  40.20 ,  57.75 ,  38.14 
AP          ,  29.31 ,  37.63 ,  41.29 ,  41.60 ,  39.30 ,  38.91 ,  35.63 ,  40.03 ,  18.93 ,  32.75 ,  30.70 ,  39.06 ,  33.68 ,  35.98 
APCO        ,,,,,,,,,,  99.68 ,  96.90 ,  683.08 ,  97.33 ,  94.68 
APCS        ,,,,,,,,,,  50.75 ,  48.72 ,,,
APURE       ,,,,,,,,,,,,,,  29.86 
APX         ,,,,,,,,,,,,,,
AQUA        ,,,  16.91 ,,,,,,,,,  16.75 ,  28.12 ,  48.32 
ARIP        ,,,,,,,,,  33.48 ,  88.49 ,  94.16 ,  84.38 ,,
AS          ,,,,,,,  101.11 ,  96.68 ,  97.25 ,  78.40 ,  101.13 ,  177.55 ,,
ASIA        ,,,,,,,  3.05 ,  9.28 ,  88.05 ,,  25.38 ,  12.82 ,  51.99 ,  37.67 
ASIAN       ,  96.39 ,,  57.15 ,  51.32 ,,,,,,  23.61 ,,,,  49.53 
ASIMAR      ,  40.91 ,  110.36 ,  89.30 ,  79.04 ,  (198.89),  89.03 ,  49.92 ,,,  55.19 ,  4.45 ,  59.13 ,  76.41 ,  57.28 
ASK         ,,,,  49.77 ,  67.89 ,  69.12 ,  69.42 ,  68.89 ,  69.79 ,  69.37 ,  70.65 ,  54.90 ,  68.18 ,  69.80 
ASP         ,  96.63 ,  98.97 ,  (22.56),  88.20 ,  94.03 ,  91.08 ,  88.15 ,  92.99 ,  78.44 ,  83.34 ,  83.79 ,  78.91 ,  81.39 ,  90.61 
AYUD        ,  99.59 ,  81.67 ,  97.54 ,  100.41 ,  97.09 ,  85.97 ,  70.11 ,  91.19 ,  93.27 ,  (54.93),  100.06 ,  76.28 ,  33.57 ,  73.86 
BAFS        ,  53.16 ,  65.24 ,  37.41 ,  63.10 ,  38.68 ,  48.81 ,  46.60 ,  47.36 ,  52.79 ,  62.84 ,  49.94 ,  60.48 ,  71.51 ,  89.86 
BANPU       ,  42.19 ,  52.83 ,  41.01 ,  36.62 ,  56.45 ,  19.40 ,  35.34 ,  30.56 ,  17.58 ,  12.19 ,  26.32 ,  650.84 ,  153.08 ,  (222.80)
BAT-3K      ,  29.01 ,  36.04 ,  30.44 ,  33.60 ,  33.25 ,  26.98 ,  (8.48),  29.72 ,  39.21 ,  34.77 ,  (14.84),  50.22 ,  29.24 ,  27.28 
BAY         ,,,,  38.17 ,  57.55 ,,  37.22 ,  30.10 ,  39.37 ,  45.90 ,  33.23 ,  40.95 ,  34.29 ,  31.58 
BBL         ,,,  18.96 ,  18.80 ,  29.40 ,  29.80 ,  28.29 ,  36.77 ,  38.81 ,  41.89 ,  37.57 ,  34.56 ,  34.15 ,  36.30 
BCP         ,,,,  7.05 ,  97.30 ,  19.04 ,  (74.60),  12.44 ,  24.43 ,  40.50 ,  29.00 ,  39.95 ,  193.50 ,  66.35 
BEC         ,  101.89 ,  121.84 ,  112.37 ,  102.14 ,  91.31 ,  93.25 ,  93.91 ,  98.68 ,  99.93 ,  101.97 ,  94.20 ,  93.03 ,  90.60 ,  93.87 
BFIT        ,  18.45 ,  18.44 ,  17.33 ,  11.29 ,  10.10 ,  64.15 ,  52.00 ,  154.63 ,  56.66 ,,  62.43 ,  68.19 ,  72.79 ,  71.10 
BGT         ,,,,,,  50.50 ,  18.97 ,  34.42 ,  15.47 ,  12.16 ,  20.36 ,  21.49 ,,
BH          ,,,  52.65 ,  51.84 ,  49.82 ,  36.29 ,  48.92 ,  49.70 ,  52.09 ,  50.45 ,  49.17 ,  54.91 ,  52.04 ,  49.84 
BIGC        ,  27.97 ,  47.62 ,  57.03 ,  66.40 ,  58.87 ,  49.96 ,  45.81 ,  54.76 ,  54.41 ,  29.97 ,  30.02 ,  30.16 ,  29.88 ,  31.34 
BJC         ,  51.45 ,  50.89 ,  53.51 ,  58.14 ,  54.92 ,  45.57 ,  22.13 ,  26.42 ,  29.17 ,  32.82 ,  34.20 ,  55.07 ,  56.88 ,  47.91 
BKI         ,  77.66 ,  57.06 ,  76.59 ,  78.67 ,  97.12 ,  85.96 ,  69.03 ,  64.77 ,  68.40 ,"  1,754.14 ",  112.42 ,  73.07 ,  55.41 ,  55.68 
BLA         ,,,,,,,,  15.18 ,  25.75 ,  25.28 ,  26.42 ,  35.24 ,  32.53 ,  26.55 
BLAND       ,,,,,,,,,,,  57.29 ,  23.11 ,  78.79 ,  85.85 
BLISS       ,,,  70.90 ,  80.15 ,,,,,,,,,,
BOL         ,,,  60.31 ,  69.61 ,  69.08 ,  74.68 ,  100.32 ,  97.37 ,  95.73 ,  81.44 ,  82.98 ,  78.72 ,  49.76 ,  77.86 
BRC         ,,,,,,,,,,,,,,
BROCK       ,,,,,,  49.07 ,  53.55 ,  82.08 ,  73.00 ,  77.85 ,  9.78 ,,,  248.16 
BROOK       ,,,,,  11.58 ,  53.78 ,,,  43.45 ,,  18.35 ,  140.75 ,  139.46 ,  41.23 
BSBM        ,,,,,  87.54 ,  126.48 ,  165.00 ,  80.41 ,  88.58 ,  89.81 ,,  88.21 ,  354.08 ,
BSM         ,,,,,,,,  40.17 ,,,,  241.18 ,  15.01 ,  32.53 
BTC         ,,  12.87 ,,,,,,,,,,,,
BTNC        ,,  88.76 ,  86.21 ,  59.42 ,,  16.73 ,  41.57 ,  60.78 ,  49.82 ,  43.85 ,  258.62 ,,  (116.28),
BTS         ,,,,,,,,,,  707.40 ,  65.53 ,  295.58 ,  28.27 ,  259.11 
BUI         ,  21.39 ,  47.11 ,  26.98 ,  18.54 ,  60.53 ,  61.02 ,  61.38 ,  59.91 ,  57.06 ,,,  77.80 ,  19.83 ,  67.62 
BWG         ,,,,,,  50.91 ,  47.79 ,,  15.60 ,  36.67 ,  37.67 ,  192.61 ,  47.29 ,  44.76 
CCET        ,  56.73 ,  61.33 ,  55.37 ,  61.77 ,  64.17 ,  54.04 ,  36.85 ,  33.31 ,  36.30 ,  127.19 ,  54.41 ,  77.00 ,  35.65 ,  38.31 
CCP         ,,  41.15 ,  26.07 ,,,,,,,,,  48.75 ,  3.80 ,  112.30 
CEN         ,,,,,,,,  21.19 ,,,  124.63 ,"  (1,463.21)",  25.62 ,
CENTEL      ,  60.62 ,  48.35 ,  41.58 ,  41.98 ,  42.07 ,  44.21 ,  41.69 ,  127.14 ,  (132.08),  36.79 ,  25.62 ,  40.85 ,  45.44 ,  40.28 
CFRESH      ,  74.28 ,,,  100.26 ,  102.68 ,  474.60 ,  215.39 ,  97.00 ,  49.70 ,  91.44 ,  60.09 ,,,  55.60 
CGD         ,,,,,,,,,,,,,,
CHARAN      ,  89.09 ,  96.32 ,  89.24 ,  72.72 ,  63.02 ,  69.99 ,  73.56 ,  102.31 ,  73.98 ,,  59.67 ,  985.23 ,  138.98 ,  66.75 
CHOTI       ,,,  59.34 ,  60.82 ,  59.95 ,  58.64 ,  59.91 ,  63.70 ,  90.08 ,  90.01 ,  70.32 ,  104.68 ,,  95.45 
CHOW        ,,,,,,,,,,  43.03 ,,  76.07 ,,
CHUO        ,  29.52 ,  33.39 ,  35.30 ,  49.15 ,  52.58 ,  49.63 ,  57.97 ,  157.42 ,  51.04 ,  (31.38),  (15.48),  128.82 ,  137.21 ,
CI          ,  35.10 ,  34.28 ,,  40.33 ,  22.38 ,  86.12 ,  5.19 ,  8.88 ,  (27.04),  (36.56),  14.83 ,  26.16 ,  (269.52),  12.03 
CIG         ,,,,  68.64 ,  119.73 ,,  (74.44),,,,,,,
CIMBT       ,  5.48 ,,,,,,,,,,  6.67 ,  15.09 ,  17.06 ,  17.65 
CITY        ,,,,,  37.81 ,  35.92 ,  41.48 ,  41.03 ,  37.20 ,  37.32 ,  34.60 ,  38.32 ,  32.31 ,  26.07 
CK          ,,,  52.35 ,  56.92 ,,"  1,989.42 ",  26.55 ,  161.15 ,  (49.32),  62.37 ,  101.76 ,  8.89 ,  40.57 ,  50.21 
CM          ,  69.18 ,  63.39 ,  57.43 ,  89.10 ,  74.48 ,  104.03 ,  73.05 ,  90.25 ,  84.33 ,  95.63 ,  61.07 ,  87.00 ,  63.08 ,  63.76 
CMO         ,,,  54.60 ,  79.86 ,  80.86 ,"  2,840.91 ",,,  79.95 ,,  27.03 ,  57.35 ,,
CMR         ,  57.60 ,  47.92 ,  55.59 ,  52.19 ,  79.52 ,  167.21 ,  (478.26),  30.14 ,  80.97 ,  56.47 ,  48.25 ,  32.88 ,  37.43 ,  33.42 
CNS         ,  99.59 ,  99.46 ,  98.21 ,  96.77 ,  80.70 ,  84.01 ,  87.33 ,  99.25 ,  99.29 ,  657.66 ,  61.01 ,  92.78 ,  91.03 ,  93.06 
CNT         ,,,  3.44 ,  29.46 ,  30.60 ,  34.23 ,  824.38 ,  52.44 ,  68.33 ,  91.17 ,  55.98 ,  34.02 ,  (14.19),
COLOR       ,,,,,,,,,,  73.14 ,,,,
CPALL       ,,  57.49 ,  58.53 ,  88.24 ,  83.63 ,  107.40 ,  81.66 ,  72.00 ,  94.40 ,  70.14 ,  73.34 ,  76.73 ,  70.78 ,  59.09 
CPF         ,  57.98 ,  45.92 ,  50.95 ,  52.54 ,  56.92 ,  50.13 ,  44.02 ,  50.50 ,  54.57 ,  56.04 ,  45.33 ,  54.80 ,  54.98 ,  52.51 
CPH         ,,,  32.02 ,  27.82 ,,,,,,,,,,
CPI         ,  62.42 ,  60.61 ,  58.76 ,  (1.62),  86.80 ,  91.66 ,  50.91 ,  48.43 ,,  40.80 ,  53.14 ,  185.73 ,  67.39 ,  (103.86)
CPL         ,  54.64 ,  60.67 ,  31.57 ,,  57.97 ,  (85.89),  51.49 ,  75.15 ,  69.98 ,  64.53 ,  108.19 ,  80.12 ,  74.19 ,  112.61 
CPN         ,  42.21 ,  36.77 ,  37.10 ,  26.45 ,  40.08 ,  40.32 ,  32.89 ,  25.52 ,  48.18 ,  39.17 ,  33.45 ,  39.23 ,  39.92 ,  39.87 
CPR         ,,,,  55.74 ,  36.96 ,  186.21 ,  40.42 ,  40.84 ,  34.28 ,  33.54 ,  28.58 ,  35.11 ,  34.28 ,  36.94 
CRANE       ,,,,,,,,,,,,,  3.64 ,
CSC         ,,,,,,  24.49 ,  24.68 ,  27.35 ,  24.60 ,  24.68 ,  26.92 ,  26.95 ,  27.74 ,  28.13 
CSL         ,,,  76.16 ,  95.77 ,  41.16 ,  92.11 ,  161.03 ,  83.65 ,  73.96 ,  95.76 ,  91.45 ,  90.01 ,  (226.01),  83.02 
CSP         ,,,,  108.36 ,  104.19 ,  118.93 ,  225.12 ,,  74.43 ,  65.63 ,  74.00 ,  83.71 ,  56.52 ,
CSR         ,  96.90 ,  101.69 ,  87.37 ,  75.15 ,  69.76 ,  64.25 ,  64.90 ,  62.93 ,  61.97 ,  68.88 ,  63.91 ,  60.99 ,  60.07 ,  60.16 
CTW         ,  47.94 ,  62.60 ,  79.32 ,  72.84 ,  53.25 ,  104.99 ,,,  36.46 ,  117.90 ,  44.88 ,  94.15 ,  123.34 ,  (80.93)
CWT         ,,,  40.09 ,,,,,,,  59.32 ,  4.25 ,,,  44.37 
DCC         ,  53.26 ,  52.82 ,  71.29 ,  70.84 ,  69.81 ,  70.61 ,  76.77 ,  85.35 ,  100.00 ,  100.10 ,  100.11 ,"  1,528.74 ",  826.51 ,  95.61 
DCON        ,,,  42.82 ,  55.81 ,  61.89 ,  49.33 ,  59.72 ,  519.18 ,  50.40 ,  59.58 ,  59.70 ,"  1,363.26 ",  130.45 ,  48.57 
DELTA       ,  100.11 ,  50.12 ,  77.39 ,  65.06 ,  82.66 ,  63.25 ,  47.36 ,  85.46 ,  51.07 ,  52.26 ,  68.86 ,  62.19 ,  62.77 ,  57.60 
DEMCO       ,,,,,,,,,,  46.93 ,  50.78 ,  29.08 ,  49.76 ,  (17.91)
DIMET       ,,,,,,,  41.04 ,  41.95 ,  41.72 ,,,,,
DRACO       ,  23.22 ,  26.59 ,  58.36 ,  98.50 ,  38.47 ,  35.36 ,  25.42 ,  51.24 ,  50.00 ,  32.18 ,  (81.82),  92.40 ,  (46.91),
DRT         ,,,,  39.77 ,  70.05 ,  76.26 ,  86.92 ,  76.96 ,  78.20 ,  84.33 ,  75.75 ,  88.26 ,  97.81 ,  79.15 
DSGT        ,,,,,  22.48 ,  39.56 ,  42.74 ,  37.22 ,  35.11 ,  71.41 ,  26.00 ,  54.36 ,  51.89 ,"  81,395.34 "
DTAC        ,,,,,,  29.59 ,  38.07 ,  49.66 ,  69.79 ,  357.59 ,  106.23 ,  90.06 ,  140.81 ,  81.97 
DTC         ,  52.96 ,  66.27 ,  36.34 ,  67.10 ,  66.31 ,  69.71 ,  39.24 ,  (39.36),  39.31 ,  136.91 ,  56.89 ,  519.23 ,"  (4,117.22)",  512.08 
DTCI        ,,,,,,,,  84.13 ,  41.66 ,  33.67 ,  38.69 ,  40.83 ,  59.01 ,  33.90 
E           ,,,,,,,,,,,,,,
EARTH       ,,,,,,,,,,,,,  28.52 ,  51.18 
EASON       ,,,,  60.88 ,  57.42 ,  69.82 ,  62.37 ,  49.56 ,  68.28 ,  89.99 ,  56.61 ,  48.97 ,  53.99 ,  16.59 
EASTW       ,  55.24 ,  56.74 ,  71.54 ,  64.97 ,  65.24 ,  94.38 ,  284.68 ,  72.13 ,  69.58 ,  69.35 ,  32.21 ,  53.10 ,  56.11 ,  49.34 
ECL         ,,,  131.10 ,  84.41 ,  49.00 ,,  82.63 ,  86.53 ,  90.33 ,  95.02 ,  87.72 ,  38.92 ,  86.84 ,
EE          ,,,,,,,,,,,,,,
EGCO        ,  44.49 ,  24.15 ,  33.84 ,  41.81 ,  34.89 ,  29.76 ,  38.00 ,  34.83 ,  40.69 ,  55.39 ,  28.77 ,  45.69 ,  42.92 ,  76.18 
EIC         ,,  39.22 ,  58.53 ,  56.68 ,  88.16 ,  61.09 ,  48.13 ,,  83.52 ,  71.15 ,,,,
EMC         ,,,,  39.94 ,  51.91 ,  49.50 ,,,,,,,,
EPCO        ,,,,  69.23 ,  172.92 ,  85.11 ,  76.91 ,  91.72 ,  99.36 ,  98.12 ,  71.13 ,  71.00 ,  110.50 ,  55.75 
ERW         ,,  31.58 ,  25.70 ,  22.55 ,  23.95 ,  33.07 ,  28.66 ,,,  36.55 ,  40.08 ,  40.02 ,  (88.86),  50.50 
ESSO        ,,,,,,,,  19.44 ,  41.87 ,  18.41 ,  (10.19),,,
ESTAR       ,,,,,,,,,,,,,  53.86 ,  94.59 
EVER        ,,,,,,  10.87 ,,,,,,,,
F&D         ,  65.76 ,  68.07 ,  55.34 ,,,,,  18.80 ,  25.41 ,  30.74 ,  34.27 ,  21.04 ,,
FANCY       ,  106.56 ,  94.20 ,  96.92 ,  105.61 ,,,"  (1,122.39)",  89.24 ,  191.81 ,,,  172.85 ,  115.81 ,
FE          ,  15.10 ,  62.37 ,  68.36 ,  64.95 ,  64.64 ,  64.80 ,  62.47 ,  48.16 ,  62.90 ,  60.20 ,  51.50 ,  51.47 ,  56.18 ,  44.07 
FMT         ,  67.26 ,  73.35 ,  61.68 ,  76.08 ,  53.16 ,  116.58 ,  32.46 ,,  58.55 ,  52.72 ,,  52.86 ,  57.79 ,  54.26 
FNS         ,  21.99 ,  10.37 ,  13.09 ,  61.02 ,,,,,,,,,  43.78 ,  13.17 
FOCUS       ,,,,,,,,,,,,,,
FORTH       ,,,,,  44.97 ,  31.71 ,,,  81.52 ,  75.19 ,  123.72 ,  102.00 ,  85.23 ,  66.81 
FSS         ,,,  89.16 ,  84.47 ,,,,  34.76 ,  30.03 ,  31.44 ,  37.91 ,  4.34 ,  40.69 ,  54.83 
GBX         ,,,  85.34 ,  92.07 ,,  254.17 ,,,,  103.13 ,,  61.65 ,,  185.49 
GC          ,,,,  76.67 ,  75.04 ,  73.75 ,  83.62 ,  83.07 ,  80.46 ,  99.46 ,  92.73 ,  91.48 ,  96.62 ,  88.27 
GENCO       ,,,,  71.85 ,  64.10 ,  39.30 ,  69.34 ,,,  43.81 ,,,,
GFPT        ,  54.88 ,,,  40.77 ,  33.57 ,  35.46 ,  29.13 ,  29.36 ,  32.33 ,  34.38 ,,  29.19 ,  28.18 ,  26.23 
GJS         ,,,,,,,,,,,,,,
GL          ,,,  42.52 ,  65.74 ,,  75.41 ,  7.35 ,  43.41 ,  69.65 ,  68.85 ,  49.55 ,  71.15 ,  59.16 ,  40.82 
GLAND       ,,,  47.54 ,,  68.27 ,  70.76 ,  94.00 ,  (713.38),  (16.68),"  (26,590.15)",,  45.80 ,  45.60 ,  84.78 
GLOBAL      ,,,,,,,,  34.77 ,  14.73 ,  6.56 ,  6.54 ,  7.66 ,  8.28 ,  18.93 
GLOW        ,,,,  85.14 ,  41.17 ,  50.59 ,  71.75 ,  63.69 ,  48.99 ,  84.15 ,  55.55 ,  55.86 ,  52.90 ,  100.67 
GOLD        ,,,,,,  3.82 ,,,,,,,,  24.76 
GRAMMY      ,  150.54 ,  103.68 ,  87.47 ,  84.27 ,  93.89 ,  63.42 ,  90.55 ,  90.32 ,  82.08 ,  45.78 ,,,,
GRAND       ,,,,,,,,,,,,,  2.67 ,
GUNKUL      ,,,,,,,,,  24.36 ,  44.68 ,  3.39 ,  22.73 ,  27.11 ,  56.19 
GYT         ,  121.56 ,  43.80 ,  45.86 ,  50.53 ,  20.47 ,  27.91 ,  123.13 ,  31.73 ,  44.20 ,,  52.28 ,  44.97 ,  62.40 ,  38.39 
HANA        ,  (71.91),  48.87 ,  47.25 ,  54.76 ,  55.89 ,  44.08 ,  51.38 ,  55.16 ,  45.38 ,  49.74 ,  48.47 ,  51.66 ,  47.27 ,  77.90 
HFT         ,,  58.29 ,  25.05 ,,,  263.01 ,  172.63 ,  45.64 ,  62.18 ,  29.44 ,  33.43 ,  30.81 ,  33.97 ,  31.83 
HMPRO       ,  41.18 ,  43.73 ,  37.81 ,  37.53 ,  37.85 ,  48.78 ,  70.54 ,  68.91 ,  9.51 ,  47.70 ,  4.89 ,  14.79 ,  34.62 ,  93.97 
HTC         ,  75.33 ,  71.78 ,  83.60 ,  132.91 ,  78.18 ,,  53.37 ,  51.77 ,  55.15 ,  50.11 ,  50.55 ,  43.60 ,  51.86 ,  49.37 
HTECH       ,,,,,,,,  41.70 ,  38.23 ,  44.21 ,  49.10 ,  41.83 ,  42.32 ,  41.26 
HYDRO       ,,,,,,,,,,  70.55 ,  12.79 ,,,
ICC         ,  41.90 ,  63.30 ,  42.63 ,  42.35 ,  39.63 ,  39.79 ,  37.33 ,  44.56 ,  39.46 ,  42.95 ,  37.37 ,  50.95 ,  55.97 ,  43.40 
IEC         ,,,,,,,,,,,,,,
IFEC        ,,,,,,  14.23 ,  49.86 ,  55.86 ,  55.86 ,  159.34 ,  60.48 ,  31.71 ,  24.34 ,  71.67 
IFS         ,,,,,,,,,  47.11 ,  69.28 ,  50.49 ,  50.73 ,  49.34 ,  55.03 
IHL         ,,,,  12.41 ,  73.59 ,,,  192.55 ,  71.46 ,  34.06 ,  24.10 ,  63.92 ,  97.57 ,  52.04 
ILINK       ,,,  37.96 ,  38.14 ,  39.99 ,  39.30 ,  31.39 ,  40.00 ,  40.44 ,  41.47 ,  41.56 ,  8.66 ,  3.31 ,  32.86 
INET        ,  77.68 ,  84.63 ,  76.19 ,  83.08 ,  56.83 ,  (279.35),  (42.52),  102.38 ,  (59.02),,,,,  9.59 
INOX        ,,,  44.82 ,  56.14 ,  56.68 ,  58.14 ,,,  24.25 ,,,,,  87.80 
INSURE      ,  68.33 ,  59.82 ,  56.90 ,,,  70.97 ,,,,,,,,
INTUCH      ,  27.80 ,  49.92 ,  68.38 ,  91.33 ,  215.55 ,  99.90 ,  135.90 ,  118.27 ,  269.81 ,  106.45 ,  87.91 ,  99.71 ,  96.88 ,  97.12 
IRC         ,  30.76 ,  31.30 ,  32.59 ,  33.92 ,  33.67 ,  32.80 ,  32.46 ,  32.23 ,  32.41 ,  32.39 ,  40.01 ,  40.00 ,  40.00 ,  40.00 
IRCP        ,,  68.83 ,  83.72 ,  87.02 ,  62.32 ,,,,,  27.37 ,  31.98 ,  208.56 ,  41.96 ,  69.92 
IRPC        ,,,,,  34.30 ,  45.05 ,  (19.39),  65.88 ,  58.97 ,  59.71 ,  (170.49),  247.31 ,  (31.23),  47.82 
IT          ,,  50.00 ,  50.71 ,  68.59 ,  68.30 ,  69.93 ,  99.63 ,  99.50 ,  99.55 ,  87.98 ,  83.98 ,,,  78.19 
ITD         ,,  20.31 ,  24.11 ,  19.94 ,,  29.04 ,,,  70.38 ,,,,,
IVL         ,,,,,,,,,  30.09 ,  30.92 ,  37.58 ,  101.67 ,  123.16 ,  34.96 
JAS         ,,,,,  52.84 ,,,,  21.84 ,  16.83 ,  30.07 ,  59.43 ,  360.05 ,  18.16 
JCT         ,,  56.29 ,  69.02 ,  67.13 ,  98.72 ,  82.09 ,  72.08 ,  61.01 ,  69.56 ,  58.29 ,  57.93 ,  59.92 ,  54.93 ,  55.45 
JMART       ,,,,,,,,  76.52 ,  75.76 ,  69.94 ,  65.88 ,  61.38 ,  73.26 ,  76.40 
JTS         ,,,,,  67.06 ,  58.83 ,,  45.39 ,  (55.76),,  (19.80),,,
JUBILE      ,,,,,,,,  59.26 ,  57.58 ,  68.09 ,  62.51 ,  60.15 ,  60.32 ,  61.14 
JUTHA       ,,,,,  32.69 ,  19.46 ,,  13.20 ,,,,,,
KAMART      ,,,  47.03 ,,,,,,,,  63.60 ,  92.96 ,  171.73 ,  81.79 
KASET       ,,,,,  79.18 ,  69.30 ,  54.35 ,  62.40 ,  73.85 ,,,,,
KBANK       ,,,  15.45 ,  21.37 ,  30.56 ,  31.88 ,  31.22 ,  40.18 ,  29.85 ,  24.70 ,  20.36 ,  20.27 ,  20.74 ,  24.25 
KBS         ,,,,,,,,,,"  1,081.93 ",  49.41 ,  54.83 ,  56.48 ,  (119.57)
KC          ,,,,  34.10 ,  39.10 ,  51.77 ,,  167.87 ,,,  45.38 ,,  73.53 ,
KCAR        ,,,,  59.12 ,  59.46 ,  58.71 ,  27.44 ,  53.50 ,  53.81 ,  58.75 ,  51.96 ,  57.66 ,  54.98 ,  55.30 
KCE         ,  41.65 ,  15.65 ,  13.07 ,,,  14.37 ,,  39.97 ,  39.06 ,  70.30 ,  35.29 ,  30.71 ,  29.49 ,  38.49 
KDH         ,  98.12 ,  105.73 ,  100.80 ,  89.74 ,  69.62 ,,  (196.80),  (38.80),  (156.02),  85.69 ,,,,
KGI         ,,  20.81 ,  62.54 ,,  76.64 ,  71.64 ,  79.83 ,  82.19 ,  87.35 ,  93.11 ,  103.44 ,  91.55 ,  95.49 ,  96.67 
KIAT        ,,,,,,,,,  61.73 ,  49.69 ,  80.22 ,  655.76 ,  263.91 ,  95.64 
KKC         ,,  67.39 ,  52.77 ,  55.76 ,,,,,  41.48 ,,  78.77 ,,  922.04 ,  84.75 
KSL         ,,,,  50.09 ,  50.22 ,  40.80 ,  39.67 ,  25.81 ,  68.37 ,  41.62 ,  34.48 ,  94.81 ,  22.45 ,  30.05 
KTB         ,  36.29 ,  60.36 ,  47.36 ,  42.92 ,  40.50 ,  52.35 ,  40.08 ,  36.69 ,  38.23 ,  40.71 ,  43.24 ,  36.25 ,  37.90 ,  37.28 
KTC         ,  38.92 ,  49.59 ,  58.51 ,,  58.66 ,  59.39 ,  49.55 ,,  51.76 ,,  40.45 ,  40.20 ,  40.40 ,  40.43 
KTECH       ,,,  41.29 ,,,,,,,,,,,
KTP         ,,,,,,,,,,,,,,
KWC         ,  121.68 ,  75.65 ,  52.31 ,  73.80 ,  59.06 ,  55.47 ,  49.10 ,  48.64 ,  40.31 ,  43.71 ,  47.07 ,  49.03 ,  45.71 ,  58.51 
KYE         ,  50.15 ,  50.25 ,  51.10 ,  33.86 ,  50.02 ,  50.65 ,  50.84 ,  50.04 ,  50.04 ,  50.08 ,  50.02 ,  50.02 ,  50.00 ,  50.01 
L&E         ,,,,,,,,,,,,,  52.74 ,  65.65 
LALIN       ,  29.64 ,  34.71 ,  42.64 ,  40.50 ,  49.95 ,  41.20 ,  41.51 ,  44.73 ,  46.74 ,  50.60 ,  55.17 ,  48.32 ,  51.22 ,  52.26 
LANNA       ,,  60.29 ,  184.74 ,  35.89 ,  42.40 ,  61.03 ,  59.43 ,  53.47 ,  54.47 ,  60.38 ,  38.22 ,  68.80 ,  91.47 ,  127.18 
LEE         ,  80.86 ,  67.95 ,  69.05 ,  65.20 ,  63.36 ,  60.52 ,  66.71 ,  89.95 ,  59.78 ,  53.00 ,  59.74 ,  86.75 ,  88.35 ,  76.02 
LH          ,  28.44 ,  50.08 ,  79.75 ,  79.93 ,  83.36 ,  101.64 ,  78.58 ,  87.22 ,  85.84 ,  71.50 ,  80.05 ,  61.90 ,  84.86 ,  88.99 
LHBANK      ,,,,,,,,,,  8.57 ,  15.13 ,  49.57 ,  4.20 ,  27.25 
LHK         ,,,,,,,  27.88 ,,  47.40 ,  50.61 ,  79.40 ,  82.83 ,  54.11 ,  66.83 
LOXLEY      ,,  42.04 ,  49.41 ,,  16.12 ,,,,  (72.02),  50.32 ,  38.02 ,  33.80 ,  64.25 ,  53.95 
LPN         ,  57.30 ,  50.94 ,  58.23 ,  55.18 ,  50.14 ,  50.90 ,  50.19 ,  54.21 ,  50.48 ,  50.03 ,  50.59 ,  53.23 ,  58.40 ,  55.03 
LRH         ,  249.77 ,  33.83 ,  19.13 ,,  19.02 ,  36.19 ,  33.23 ,  274.97 ,  117.90 ,,  50.34 ,  50.70 ,  114.86 ,  34.24 
LST         ,  59.80 ,  68.04 ,  44.32 ,  45.66 ,  71.64 ,  45.34 ,  46.30 ,  57.21 ,  61.82 ,  39.01 ,  59.04 ,  65.51 ,  43.08 ,  39.50 
LTX         ,  27.78 ,  32.80 ,  29.31 ,  33.65 ,  32.29 ,  51.79 ,  108.60 ,  144.52 ,  68.44 ,  50.68 ,  99.19 ,  19.28 ,  27.97 ,  113.20 
LVT         ,,,  47.81 ,  62.77 ,,  52.17 ,  31.91 ,  49.05 ,,,,,,
MACO        ,,,,,,,,,,,,  865.89 ,  595.17 ,  84.63 
MAJOR       ,  71.94 ,  83.43 ,  (7.40),  84.86 ,  92.91 ,  75.16 ,  89.70 ,  88.20 ,  88.29 ,  92.51 ,  95.05 ,  84.40 ,  86.03 ,  87.66 
MAKRO       ,  89.21 ,  63.54 ,  59.63 ,  190.06 ,  107.92 ,  97.55 ,  93.18 ,  90.37 ,  89.31 ,  96.76 ,  84.37 ,  89.33 ,  75.66 ,  75.86 
MALEE       ,,,,,,,,,,,  32.51 ,  51.98 ,  50.63 ,  50.79 
MANRIN      ,  59.68 ,  50.06 ,  79.74 ,  78.67 ,  79.76 ,  97.27 ,,,  22.51 ,,,,,
MATCH       ,,,,,,,  68.98 ,,  18.46 ,  168.67 ,  25.30 ,  60.36 ,  99.23 ,
MATI        ,  55.05 ,  56.48 ,  59.69 ,  60.33 ,  55.30 ,  43.19 ,  51.49 ,  36.17 ,  42.75 ,  52.33 ,  62.30 ,  67.89 ,  (91.12),
MAX         ,,,,,,,,,,,,,,
MBAX        ,,,,,,  111.57 ,  42.84 ,  35.97 ,,,  43.44 ,  134.45 ,  90.40 ,  95.33 
MBK         ,  61.78 ,  67.92 ,  57.28 ,  69.89 ,  56.08 ,  58.83 ,  53.83 ,  64.88 ,  37.03 ,  144.12 ,  54.76 ,  264.03 ,  71.12 ,  65.47 
MBKET       ,,  48.78 ,  78.41 ,  89.95 ,  89.36 ,  88.67 ,  84.24 ,  99.31 ,  101.02 ,  101.80 ,  96.63 ,,  74.50 ,  100.25 
M-CHAI      ,  38.62 ,  40.81 ,  45.95 ,  44.12 ,  48.83 ,  43.69 ,  42.93 ,  42.81 ,  40.68 ,  40.41 ,  40.61 ,  40.00 ,  40.72 ,  40.10 
MCOT        ,,,  41.47 ,  80.92 ,  73.05 ,  79.80 ,  89.50 ,  89.02 ,  91.76 ,  101.31 ,  89.85 ,  94.95 ,  75.01 ,  95.09 
MCS         ,,,,  53.23 ,  51.08 ,  50.16 ,  42.43 ,  52.06 ,  49.32 ,  52.49 ,  54.56 ,  25.44 ,  121.91 ,  56.61 
MDX         ,,,,,,,,,,,,,,
METCO       ,  32.29 ,  33.98 ,  30.53 ,  30.35 ,  39.46 ,  34.66 ,  29.40 ,  260.80 ,  46.56 ,  55.99 ,  (12.87),  (7.53),  35.62 ,  50.79 
MFC         ,  166.76 ,  81.29 ,  94.18 ,  80.83 ,  81.73 ,  72.93 ,  117.40 ,  84.35 ,  181.70 ,  128.05 ,  103.94 ,  88.02 ,  86.29 ,  105.40 
MFEC        ,,  93.93 ,  74.30 ,  93.29 ,  75.94 ,  85.21 ,  70.71 ,  78.20 ,  186.42 ,  71.50 ,  79.52 ,  85.35 ,  81.62 ,  74.12 
MIDA        ,,  88.93 ,  79.79 ,,,,,,,,,  5.98 ,  16.54 ,
MILL        ,,,,,,,  12.82 ,,  50.61 ,,,  (3.84),,  9.07 
MINT        ,  60.17 ,  55.10 ,  40.87 ,  33.70 ,  34.26 ,  28.47 ,  55.23 ,  34.86 ,  39.46 ,  17.06 ,  34.76 ,  37.56 ,  25.00 ,  21.89 
MJD         ,,,,,,  62.56 ,  47.18 ,  51.65 ,,,,,,
MK          ,,  1.87 ,  34.81 ,  24.29 ,  29.67 ,  36.59 ,  32.13 ,  39.85 ,  39.17 ,  66.18 ,  66.20 ,  60.23 ,  67.32 ,  39.57 
ML          ,,,,,,,,,,,,  4.78 ,  6.17 ,  30.11 
MODERN      ,  166.21 ,  88.66 ,  78.70 ,  74.61 ,  70.10 ,  81.45 ,  69.36 ,  80.13 ,  84.23 ,  86.74 ,  87.80 ,  98.10 ,  95.56 ,  113.21 
MOONG       ,,,,,,,,  24.96 ,  47.29 ,  44.53 ,  47.57 ,  47.54 ,  72.92 ,  28.94 
MPIC        ,,,,,,,,,,  73.43 ,,,,
MSC         ,  45.75 ,  50.46 ,  50.15 ,  49.91 ,  56.10 ,  55.27 ,  52.18 ,  53.31 ,  57.73 ,  86.40 ,  57.13 ,  52.86 ,  61.36 ,  52.39 
MTI         ,,,,,,,,  60.81 ,  59.97 ,  77.62 ,,  40.03 ,  39.99 ,  40.06 
NBC         ,,,,,,,,,  74.51 ,  59.37 ,  65.34 ,  62.83 ,  399.23 ,  (208.36)
NC          ,,  43.33 ,,,,,,  26.39 ,  22.12 ,  28.21 ,  23.46 ,  18.30 ,  20.78 ,  27.69 
NCH         ,,,  44.48 ,  55.31 ,,,,  42.29 ,  38.75 ,  43.10 ,  41.48 ,  40.22 ,  40.39 ,  5.54 
NEP         ,,,,,,,,,,,,,,
NEW         ,,,,,  (14.16),  21.68 ,  39.53 ,  27.58 ,  18.74 ,,  46.42 ,  27.57 ,  31.54 ,  38.45 
NFC         ,,,,,,,,,,,,,,
NINE        ,,,,,,,,,  61.54 ,  72.94 ,  45.20 ,  82.89 ,  689.54 ,  (20.39)
NKI         ,  76.39 ,  34.14 ,  34.16 ,  52.29 ,  52.88 ,  36.15 ,  87.96 ,  66.22 ,  60.89 ,,  79.35 ,  39.95 ,  42.04 ,  132.85 
NMG         ,,  58.52 ,  64.32 ,,,,,,,,,  26.25 ,  144.06 ,  342.95 
NNCL        ,,,  72.33 ,  51.65 ,  66.83 ,  51.18 ,  58.11 ,  151.02 ,  54.48 ,,  54.84 ,  50.54 ,,
NOBLE       ,  25.82 ,  25.66 ,  25.92 ,  27.00 ,  31.76 ,  29.67 ,  32.73 ,  35.40 ,  20.58 ,  39.62 ,  42.18 ,  42.39 ,  27.96 ,
NPK         ,,,,,,,,,,,  6.15 ,  6.49 ,  5.94 ,  7.15 
NSI         ,,,,,,,,,,  11.85 ,  23.67 ,  49.37 ,  51.19 ,  87.09 
NTV         ,  80.10 ,  80.65 ,  82.08 ,  74.81 ,  60.39 ,  60.08 ,  59.99 ,  60.04 ,  60.07 ,  60.09 ,  60.52 ,  60.36 ,  60.29 ,  60.08 
NUSA        ,,,,,,,,,,,,,,
NWR         ,,,,,,,,,,,  34.58 ,,,
OCC         ,  38.17 ,  39.36 ,  49.70 ,  42.70 ,  43.38 ,  58.16 ,  48.42 ,  45.49 ,  46.93 ,  42.02 ,  45.40 ,  47.35 ,  47.12 ,  50.68 
OGC         ,  59.98 ,  50.02 ,  50.08 ,  50.06 ,  49.98 ,  50.00 ,  31.11 ,"  (1,394.70)",  50.10 ,  50.20 ,,,  49.90 ,  50.04 
OHTL        ,  74.97 ,  109.55 ,  87.49 ,  91.78 ,  89.17 ,  105.16 ,  112.05 ,  94.27 ,  100.00 ,  111.03 ,  83.38 ,  101.29 ,  118.72 ,  115.64 
OISHI       ,,,  38.48 ,  51.08 ,  51.56 ,  90.67 ,  94.94 ,  79.86 ,  59.44 ,  51.04 ,  63.09 ,  53.50 ,  57.15 ,  52.65 
PAE         ,,,,,,,,,,,,,,
PAF         ,  125.77 ,  (11.68),  93.88 ,,,,,,,,,,,  6.76 
PAP         ,,,  40.74 ,,  73.05 ,  63.67 ,  90.70 ,  61.95 ,  57.24 ,  68.11 ,  62.26 ,  64.82 ,  58.32 ,
PATO        ,  93.93 ,  91.46 ,  133.02 ,  91.12 ,  111.41 ,  82.91 ,  93.10 ,  84.64 ,  85.34 ,  87.72 ,  98.49 ,  95.41 ,  99.73 ,  99.84 
PB          ,  50.75 ,  54.15 ,  50.12 ,  50.13 ,  49.97 ,  50.06 ,  50.11 ,  49.86 ,  49.98 ,  49.69 ,  50.07 ,  50.04 ,  50.14 ,  50.01 
PDI         ,,,  41.65 ,  44.29 ,  66.57 ,  66.56 ,  69.92 ,  70.16 ,  69.66 ,"  2,642.96 ",,  (12.79),  19.60 ,  29.98 
PE          ,,,,,,,,,,,,,,
PERM        ,,,,  51.02 ,  50.78 ,,,,  51.93 ,  54.04 ,  50.45 ,,  138.43 ,
PF          ,,,  30.79 ,  25.07 ,,  45.93 ,  35.25 ,  48.79 ,  47.23 ,  38.73 ,  80.21 ,,  64.72 ,  63.77 
PG          ,  43.90 ,  45.35 ,  47.58 ,  42.22 ,  47.56 ,  49.34 ,  44.33 ,  44.88 ,  47.36 ,  52.25 ,  49.93 ,  51.41 ,  60.04 ,  496.44 
PHOL        ,,,,,,,,,  34.26 ,  93.54 ,  39.24 ,  73.43 ,  83.39 ,  94.43 
PICO        ,,,  41.70 ,  85.24 ,  59.54 ,  68.61 ,  67.57 ,,,  24.08 ,  33.89 ,  57.48 ,  (885.62),  70.96 
PL          ,  51.88 ,  53.22 ,  52.76 ,  54.13 ,  57.03 ,  58.63 ,  61.39 ,  337.41 ,  63.73 ,  77.82 ,  74.40 ,  65.47 ,  58.18 ,  59.30 
PLE         ,  37.85 ,  63.58 ,  54.88 ,  62.46 ,  90.13 ,  76.50 ,,,,  (10.79),  (141.39),  587.67 ,  115.18 ,
PM          ,,,,,,,,  33.33 ,  44.48 ,  49.95 ,  54.16 ,  77.38 ,  87.98 ,  80.09 
POMPUI      ,,  8.34 ,,,,,,,,,,,,
POST        ,  96.10 ,  96.54 ,  77.24 ,  97.71 ,  72.08 ,  81.06 ,  226.55 ,,  84.13 ,  98.84 ,  63.31 ,  93.11 ,,
PPM         ,,,  46.26 ,  38.36 ,  52.39 ,  31.18 ,  74.09 ,  73.29 ,  32.25 ,  57.89 ,  30.02 ,  40.02 ,  63.07 ,  (28.95)
PR          ,  36.19 ,  35.67 ,  49.22 ,  49.96 ,  49.99 ,  49.98 ,  50.05 ,  49.86 ,  49.91 ,  49.66 ,  49.97 ,  49.90 ,  50.15 ,  50.03 
PRANDA      ,  27.80 ,  46.05 ,  57.35 ,  59.63 ,  58.36 ,  53.66 ,  86.06 ,  82.22 ,  82.30 ,  53.03 ,  54.24 ,  49.71 ,  42.21 ,  (36.71)
PREB        ,,,,  48.96 ,,,  24.69 ,  79.45 ,  32.70 ,  30.25 ,  4.91 ,  47.22 ,  60.54 ,  50.93 
PRECHA      ,,,,,,,,  21.70 ,  37.16 ,  32.61 ,  187.29 ,  265.26 ,,
PRG         ,  (386.62),  104.42 ,  38.80 ,  223.30 ,  73.70 ,  118.72 ,  53.33 ,  100.23 ,  115.32 ,  327.20 ,  114.29 ,  918.23 ,  91.40 ,  97.75 
PRIN        ,,,,  39.57 ,  40.40 ,  38.66 ,,  31.15 ,  23.17 ,  29.94 ,  34.42 ,  12.72 ,  81.88 ,  91.86 
PRO         ,,,  43.74 ,  20.99 ,,,,,,,,,,
PS          ,,,,  30.55 ,  33.36 ,  37.87 ,  30.54 ,  33.51 ,  31.64 ,  31.18 ,  28.49 ,  32.57 ,  33.46 ,  50.84 
PSL         ,,  42.30 ,  27.20 ,  25.02 ,  56.81 ,  56.28 ,  58.94 ,  20.47 ,  25.28 ,  21.70 ,  73.71 ,  103.12 ,  (169.62),
PT          ,,,,,  21.96 ,,  47.30 ,  (202.95),  74.99 ,  55.31 ,  28.98 ,  49.33 ,  37.76 ,  47.05 
PTL         ,,,,  38.83 ,  39.93 ,  39.78 ,  78.67 ,  35.70 ,  58.88 ,  27.81 ,  9.99 ,  30.10 ,,  20.72 
PTT         ,  32.53 ,  28.40 ,  30.13 ,  30.26 ,  30.88 ,  33.07 ,  10.92 ,  40.39 ,  35.09 ,  18.99 ,  35.48 ,  39.23 ,  56.31 ,  143.27 
PTTEP       ,  36.41 ,  36.61 ,  37.06 ,  37.22 ,  37.54 ,  37.95 ,  42.95 ,  40.04 ,  39.96 ,  40.06 ,  37.00 ,  42.42 ,  83.13 ,  (37.70)
PTTGC       ,,,,,,,,,,  277.21 ,  32.49 ,  46.07 ,  71.07 ,  61.58 
PYLON       ,,,,  16.78 ,  20.76 ,  80.86 ,  10.27 ,  117.17 ,  49.45 ,  52.87 ,  9.34 ,  52.44 ,  92.58 ,  98.42 
Q-CON       ,,,  32.82 ,,,,,,  31.57 ,  33.48 ,  32.16 ,  42.74 ,  43.66 ,  775.52 
QH          ,  50.54 ,  45.76 ,  45.39 ,  45.80 ,  64.68 ,  48.53 ,  43.54 ,  59.29 ,  50.80 ,  9.20 ,  46.19 ,  51.84 ,  28.49 ,  48.29 
QLT         ,,,,,,,,  32.14 ,  51.41 ,  28.99 ,  51.04 ,  75.18 ,  65.48 ,  61.76 
QTC         ,,,,,,,,,,  45.20 ,  52.15 ,  56.37 ,  65.11 ,  53.87 
RAM         ,  36.61 ,  40.13 ,  41.94 ,  52.15 ,  34.27 ,  40.59 ,  32.77 ,  31.82 ,  20.12 ,  15.74 ,  12.65 ,  16.29 ,  14.25 ,  14.14 
RATCH       ,  45.99 ,  46.78 ,  44.70 ,  47.80 ,  49.87 ,  52.24 ,  49.13 ,  48.41 ,  62.50 ,  67.40 ,  21.96 ,  53.20 ,  52.42 ,  103.25 
RCI         ,,  14.34 ,  32.11 ,  12.40 ,  31.47 ,,,,,,,,,
RCL         ,  21.62 ,  37.71 ,  36.06 ,  34.53 ,  32.37 ,  26.06 ,,,,,,,  22.92 ,  9.38 
RICH        ,,,,,  61.26 ,,,,,,,,,
RML         ,,,  19.94 ,  47.40 ,,,,,,,,,,  21.83 
ROBINS      ,,,,,  13.35 ,  51.40 ,  43.33 ,  45.75 ,  40.21 ,  49.69 ,  48.45 ,  50.34 ,  51.86 ,  51.59 
ROCK        ,,,,,,  14.60 ,  10.51 ,,  17.71 ,,  5.62 ,,,  25.60 
ROH         ,  89.99 ,  90.75 ,  90.06 ,  89.93 ,  80.03 ,  68.55 ,  35.16 ,,,,  (103.00),  (390.66),,
ROJNA       ,  46.16 ,  47.95 ,  60.20 ,  74.52 ,  75.52 ,  83.42 ,  37.27 ,  65.24 ,  72.33 ,  (41.85),  35.76 ,  76.70 ,  4.84 ,  126.99 
RPC         ,,  35.26 ,  63.66 ,  51.02 ,  99.99 ,  54.75 ,  (16.28),,  31.87 ,  15.52 ,,,,
RS          ,,,,,  67.89 ,,,,  41.81 ,  63.24 ,  77.67 ,  86.03 ,  82.68 ,  83.03 
S & J       ,  40.61 ,  39.58 ,  53.16 ,  51.46 ,  50.48 ,  47.95 ,  54.35 ,  46.22 ,  39.17 ,  53.09 ,  48.93 ,  53.31 ,  58.67 ,  59.24 
SABINA      ,,,,,,,  25.06 ,  37.82 ,  173.57 ,  16.60 ,  43.25 ,  38.56 ,  40.21 ,  39.88 
SAFARI      ,,,,,,,,,,,,,,
SALEE       ,,,,  29.88 ,  38.97 ,,  45.33 ,  40.03 ,  78.96 ,  73.66 ,  20.80 ,  18.80 ,  458.58 ,  92.91 
SAM         ,,,,,,,  (113.58),,,,  113.07 ,  80.31 ,,
SAMART      ,,,,  49.50 ,  20.47 ,  61.28 ,  35.93 ,  51.58 ,  61.40 ,  60.32 ,  36.99 ,  54.60 ,  57.64 ,  62.31 
SAMCO       ,  53.34 ,  43.61 ,  61.41 ,  58.07 ,  60.94 ,  55.27 ,  44.85 ,  42.17 ,  50.45 ,  145.04 ,  52.94 ,  39.82 ,  88.50 ,  58.14 
SAMTEL      ,,,  91.40 ,  67.71 ,  57.94 ,  53.61 ,  54.09 ,  49.69 ,  59.38 ,  50.57 ,  52.62 ,  54.02 ,  56.99 ,  61.44 
SAT         ,,,,  30.60 ,  33.89 ,  35.52 ,  14.18 ,,  37.59 ,  37.48 ,  30.00 ,  32.99 ,  39.26 ,  39.77 
SAUCE       ,  60.91 ,  89.90 ,  98.89 ,  105.86 ,  95.91 ,  82.14 ,  83.94 ,  84.56 ,  90.34 ,  91.81 ,  83.84 ,  97.14 ,  107.61 ,  105.66 
SAWANG      ,  51.63 ,  65.99 ,  53.51 ,  184.05 ,,,,  (75.35),,  58.04 ,  55.22 ,,,
SC          ,,,  37.99 ,  29.72 ,  43.30 ,  32.99 ,  34.55 ,  37.81 ,  39.42 ,  39.61 ,  9.65 ,  46.34 ,  21.46 ,  39.69 
SCAN        ,,,,,,  24.47 ,,,,,,,,
SCB         ,,  16.17 ,  18.57 ,  29.90 ,  28.52 ,  21.90 ,  23.23 ,  40.85 ,  42.05 ,  32.74 ,  29.53 ,  35.47 ,  38.19 ,  39.57 
SCC         ,  24.65 ,  36.08 ,  49.34 ,  55.84 ,  61.12 ,  59.30 ,  53.67 ,  41.90 ,  40.13 ,  54.98 ,  55.98 ,  50.93 ,  44.62 ,  42.29 
SCCC        ,  76.94 ,  68.42 ,  74.55 ,  81.64 ,  83.98 ,  99.68 ,  79.74 ,  85.87 ,  93.68 ,  90.79 ,  82.24 ,  71.94 ,  67.88 ,  75.34 
SCG         ,,,  88.90 ,  91.56 ,  77.85 ,  91.94 ,  54.85 ,  61.18 ,  68.12 ,  57.03 ,  63.48 ,  60.64 ,  78.02 ,  153.93 
SCP         ,,,,,,  12.48 ,  13.09 ,  12.87 ,  14.56 ,  14.05 ,  15.02 ,  21.85 ,  36.13 ,  40.96 
SEAFCO      ,,,  46.86 ,  46.83 ,  46.70 ,  47.29 ,,  20.87 ,,,  4.32 ,  44.23 ,  42.12 ,  49.87 
SE-ED       ,  94.09 ,  73.87 ,  75.26 ,  102.13 ,  92.87 ,  98.65 ,  98.19 ,  98.71 ,  97.28 ,  59.13 ,  70.41 ,  97.59 ,  86.81 ,  66.36 
SENA        ,,,,,,,,  40.08 ,  40.00 ,  30.51 ,  40.10 ,  52.45 ,  5.14 ,  45.31 
SF          ,,,  60.19 ,  39.43 ,  43.99 ,  41.45 ,,  66.25 ,  29.90 ,  2.03 ,  1.16 ,  4.82 ,  5.64 ,  18.93 
SFP         ,  43.71 ,  45.97 ,  51.51 ,  56.16 ,  47.62 ,,  70.68 ,  51.51 ,,  50.98 ,  324.10 ,  61.67 ,,
SGF         ,,,,,,,,,,,,,,
SGP         ,,,,,,,  34.70 ,  36.62 ,  25.07 ,  41.59 ,  44.99 ,  34.41 ,  (62.54),  41.17 
SHANG       ,  30.25 ,  55.55 ,  45.18 ,  67.07 ,  47.13 ,  52.94 ,  42.45 ,  (66.22),  (65.96),  (43.15),  97.64 ,  19.02 ,  11.06 ,  39.07 
SIAM        ,,,,,  27.74 ,  33.33 ,  31.30 ,  47.70 ,  17.95 ,  30.82 ,  32.54 ,,,  12.40 
SIM         ,,  62.82 ,  55.35 ,  53.77 ,  54.62 ,  83.02 ,  169.64 ,  74.42 ,  63.83 ,  51.41 ,  65.42 ,  59.65 ,  55.76 ,  177.61 
SIMAT       ,,,,,,  46.33 ,  90.41 ,  17.07 ,  35.96 ,  3.94 ,  9.81 ,  10.22 ,,
SINGER      ,  56.19 ,  56.23 ,  51.31 ,  30.69 ,,,,,  30.21 ,  37.91 ,  35.81 ,  37.90 ,  59.27 ,  56.58 
SIRI        ,,  22.87 ,  47.28 ,  35.88 ,  47.39 ,  47.88 ,  48.39 ,  47.67 ,  9.36 ,  49.32 ,  47.11 ,  55.36 ,  48.75 ,  48.90 
SIS         ,,,  19.90 ,  22.79 ,  30.34 ,  38.90 ,  34.42 ,  33.62 ,  35.31 ,  22.07 ,,  36.83 ,  38.05 ,  62.22 
SITHAI      ,,  53.90 ,  45.44 ,  51.34 ,  51.27 ,  77.69 ,  96.59 ,  164.20 ,  60.68 ,  72.07 ,  55.01 ,  556.49 ,  57.65 ,  60.89 
SKR         ,,,,,,,  10.01 ,  42.17 ,  33.06 ,  50.67 ,  58.78 ,  62.33 ,  64.53 ,  67.52 
SMC         ,,,,,,,,,,,,,,
SMIT        ,,,,  40.94 ,  39.47 ,  44.58 ,  40.88 ,  66.03 ,  49.52 ,  51.54 ,  55.93 ,  52.16 ,  59.97 ,  86.55 
SMK         ,  56.07 ,  53.03 ,  53.03 ,  52.57 ,  50.29 ,  43.39 ,  43.25 ,  37.16 ,  33.22 ,  39.50 ,  35.08 ,  33.91 ,  34.99 ,  38.99 
SMM         ,,,,  22.19 ,,,,,  32.51 ,  62.62 ,  5.36 ,  30.75 ,,
SMPC        ,,,,,,,,,,,,,  171.89 ,  51.86 
SMT         ,,,,,,,,  39.94 ,  48.95 ,  (5.54),,,,
SNC         ,,,  76.37 ,  65.49 ,  55.50 ,  65.87 ,  136.37 ,  62.23 ,  75.47 ,  88.59 ,  93.24 ,  68.00 ,  50.33 ,  63.19 
SOLAR       ,,,,  24.02 ,,,,,,,  13.12 ,  20.70 ,  36.97 ,
SORKON      ,  (354.25),  (15.08),  43.63 ,  4.58 ,  15.96 ,  (60.35),  63.95 ,  27.41 ,  24.38 ,  47.72 ,  63.31 ,  82.49 ,  76.95 ,  69.25 
SPACK       ,,,  63.07 ,  80.08 ,  69.54 ,  70.43 ,  86.00 ,  95.75 ,  31.01 ,  95.62 ,  162.93 ,  (16.73),  (4.61),  (23.28)
SPALI       ,,  29.83 ,  50.59 ,  37.54 ,  48.09 ,  46.82 ,  22.41 ,  40.38 ,  40.17 ,  43.45 ,  40.67 ,  41.69 ,  38.33 ,  39.47 
SPC         ,  39.68 ,  40.41 ,  28.14 ,  33.36 ,  37.30 ,  31.71 ,  33.32 ,  29.20 ,  31.74 ,  30.81 ,  32.78 ,  31.22 ,  26.61 ,  25.93 
SPCG        ,,,,,,,,,,,,,  47.44 ,  52.74 
SPG         ,  43.18 ,  43.14 ,  49.47 ,  49.84 ,  43.94 ,  40.48 ,  40.00 ,  40.64 ,  40.85 ,  51.90 ,  51.62 ,  47.69 ,  54.48 ,  49.50 
SPI         ,  14.28 ,  17.06 ,  12.77 ,  11.75 ,  13.71 ,  16.69 ,  10.70 ,  9.85 ,  10.64 ,  11.12 ,  8.70 ,  8.74 ,  9.88 ,  8.63 
SPORT       ,,  92.01 ,  70.02 ,  69.64 ,  73.29 ,"  (1,062.53)",  120.67 ,  121.87 ,  107.08 ,  89.93 ,  100.51 ,  173.70 ,,
SPPT        ,,,,  52.05 ,  55.36 ,  77.46 ,  76.73 ,  44.25 ,  80.40 ,  (19.62),  14.85 ,  70.49 ,,
SSC         ,  40.88 ,  61.32 ,  44.50 ,  51.84 ,  50.92 ,  72.21 ,  142.88 ,  150.37 ,  71.03 ,  361.73 ,  110.68 ,,,
SSF         ,  (415.83),,  49.64 ,  51.16 ,  62.53 ,  65.68 ,  46.76 ,  55.73 ,  103.74 ,  55.10 ,  47.47 ,"  (1,239.99)",  42.31 ,  67.51 
SSI         ,,,  36.85 ,,  12.18 ,  71.50 ,,,,,,,,
SSSC        ,,,,  5.70 ,  48.44 ,  50.20 ,  16.44 ,  39.92 ,  49.71 ,  53.45 ,  49.58 ,  49.27 ,  51.15 ,  51.85 
SST         ,  79.68 ,  107.22 ,  92.62 ,  124.25 ,  91.01 ,  91.59 ,  80.48 ,  31.05 ,  92.83 ,  0.80 ,  (2.76),  (10.69),  4.25 ,  (7.20)
STA         ,  34.40 ,  50.07 ,  32.43 ,  (28.89),  51.52 ,  184.54 ,  31.88 ,  28.01 ,  41.53 ,  49.00 ,  46.41 ,  45.93 ,  49.34 ,  45.79 
STANLY      ,  32.84 ,  33.30 ,  37.61 ,  33.14 ,  33.04 ,  32.27 ,  31.34 ,  34.56 ,  40.02 ,  34.89 ,  31.64 ,  31.87 ,  30.91 ,  31.77 
STAR        ,,,,,,,  49.71 ,  80.74 ,  72.20 ,,,,,
STEC        ,,  50.26 ,  49.31 ,  57.63 ,,,,  50.59 ,  58.81 ,  72.21 ,  3.23 ,  44.00 ,  40.12 ,  32.97 
STHAI       ,,,,,,,,,,,,,,
STPI        ,,,,,  5.10 ,,  60.45 ,  59.60 ,  62.85 ,  29.15 ,  33.81 ,  28.95 ,  30.93 ,  23.17 
SUC         ,  38.93 ,  36.34 ,  88.34 ,  43.78 ,  31.22 ,  67.97 ,  106.58 ,  45.81 ,  28.79 ,  60.97 ,  36.61 ,  63.93 ,  52.33 ,  49.06 
SUPER       ,,,,,,,,,,,,,,
SUSCO       ,,  64.14 ,  46.47 ,  50.21 ,,,,  48.05 ,  67.35 ,  58.93 ,  12.46 ,  74.21 ,  25.72 ,  56.74 
SVH         ,,,,,,,  21.11 ,  41.70 ,  42.75 ,  52.12 ,  42.55 ,  54.76 ,  62.44 ,  73.67 
SVI         ,,  29.82 ,,  27.95 ,  29.66 ,  23.10 ,  13.91 ,  48.95 ,  49.34 ,,,  20.89 ,  (59.53),  8.93 
SVOA        ,  40.12 ,  44.07 ,  43.78 ,  41.63 ,  40.57 ,  5.60 ,,  28.12 ,  30.56 ,  30.12 ,  16.98 ,  14.03 ,  14.75 ,  31.80 
SWC         ,,,  71.43 ,  64.41 ,  65.25 ,  67.33 ,  58.00 ,  55.44 ,  58.56 ,  60.28 ,  64.76 ,  56.09 ,  68.31 ,  55.30 
SYMC        ,,,,,,,,,  80.18 ,  74.88 ,  74.28 ,  76.76 ,  77.00 ,  34.07 
SYNEX       ,,,,,,,  65.53 ,  72.59 ,  62.28 ,  48.66 ,  42.00 ,  52.09 ,  55.05 ,  64.43 
SYNTEC      ,,,,,,,,  15.09 ,  23.59 ,  32.90 ,,  99.26 ,  28.24 ,  27.49 
TAPAC       ,,,,  45.55 ,  46.66 ,  289.92 ,  54.25 ,  50.40 ,  45.82 ,  57.88 ,  54.81 ,  91.24 ,  55.53 ,  59.11 
TASCO       ,,,,  49.86 ,  50.88 ,  39.86 ,,,,  25.92 ,,  183.51 ,  255.62 ,  27.36 
TBSP        ,  67.36 ,  67.65 ,  67.49 ,  71.30 ,  67.51 ,  70.32 ,  68.55 ,  71.97 ,  101.21 ,  71.17 ,  81.37 ,  186.77 ,  99.96 ,  102.63 
TC          ,  49.65 ,  40.61 ,  72.67 ,  67.57 ,  (25.03),  (24.17),  24.51 ,  31.53 ,  50.93 ,  31.75 ,  34.04 ,  (132.54),  29.96 ,  27.50 
TCAP        ,  38.68 ,  29.96 ,  31.29 ,  34.36 ,  72.66 ,  42.58 ,  42.14 ,  23.76 ,  27.19 ,  30.65 ,  32.64 ,  22.15 ,  39.93 ,  42.31 
TCB         ,  28.68 ,  33.25 ,  28.40 ,  20.29 ,  22.54 ,  20.81 ,  30.01 ,  16.56 ,  23.46 ,  29.76 ,  15.97 ,  70.60 ,,  36.24 
TCC         ,,,,,,,,,,,,,,  497.30 
TCCC        ,  60.44 ,  48.36 ,  40.39 ,  47.78 ,  66.86 ,  63.22 ,  192.07 ,  57.00 ,  58.70 ,  57.83 ,  55.79 ,  57.13 ,  68.72 ,  64.26 
TCJ         ,,  19.39 ,,,,,,,  54.78 ,,  3.87 ,,  6.40 ,
TCMC        ,,,,,,,,  39.63 ,,,  6.55 ,  64.62 ,,  39.47 
TCOAT       ,,,  29.28 ,  23.99 ,,  39.29 ,  29.74 ,  27.03 ,  48.34 ,  41.17 ,  27.85 ,  35.97 ,  (78.16),  29.31 
TEAM        ,,,  64.07 ,  34.99 ,  38.19 ,  46.83 ,  77.21 ,,  79.93 ,  99.54 ,  106.40 ,,  53.13 ,
TF          ,  42.45 ,  44.22 ,  38.35 ,  39.76 ,  49.45 ,  35.17 ,  37.62 ,  41.20 ,  37.01 ,  43.08 ,  38.60 ,  41.68 ,  40.50 ,  39.18 
TFD         ,  93.63 ,,,  77.46 ,  68.14 ,  70.55 ,  23.08 ,  19.39 ,,  4.75 ,  17.28 ,  195.62 ,,
TFI         ,,  138.13 ,,,,,,,,,,,,
TGCI        ,  87.14 ,  89.95 ,,,,,,,,  33.47 ,  47.50 ,  51.61 ,  49.07 ,  47.71 
TGPRO       ,,,,,,,,,,,,,,
TH          ,,,  52.55 ,,  58.58 ,,  88.40 ,,,  60.07 ,,,,
THAI        ,  20.62 ,  24.77 ,  41.87 ,  37.60 ,  31.18 ,  207.85 ,,  5.78 ,  17.78 ,,  17.52 ,,,
THANA       ,,,,,,,,  51.65 ,  41.21 ,  217.01 ,,,,  117.05 
THANI       ,,  72.28 ,  57.92 ,  61.18 ,  72.86 ,  61.41 ,  60.27 ,  67.62 ,  12.09 ,  52.42 ,  8.23 ,  9.61 ,  10.30 ,  58.09 
THCOM       ,,  20.27 ,,,,,,,,,  252.08 ,  43.74 ,  44.50 ,  33.57 
THIP        ,  26.48 ,  191.27 ,  (61.52),  12.89 ,  29.46 ,  22.08 ,  37.45 ,  24.58 ,  30.04 ,  32.85 ,  30.76 ,  32.47 ,  34.99 ,  34.79 
THL         ,,,,,,,,,,,,,,
THRE        ,  91.29 ,  86.66 ,  93.35 ,  88.18 ,  92.30 ,  87.59 ,  90.31 ,  91.27 ,  82.90 ,  (14.30),,,,
TIC         ,  7.92 ,  7.00 ,  48.79 ,,  56.00 ,  54.88 ,,  26.96 ,  20.51 ,  (13.18),  (23.15),  40.64 ,  40.25 ,  40.06 
TICON       ,  68.07 ,  83.10 ,  79.99 ,  85.95 ,  89.21 ,  73.55 ,  72.63 ,  80.85 ,  85.21 ,  71.59 ,  68.24 ,  64.51 ,  72.15 ,  71.40 
TIP         ,  57.86 ,  59.70 ,  44.99 ,  69.40 ,  69.04 ,  70.00 ,  60.47 ,  65.71 ,  91.64 ,  837.64 ,  56.68 ,  38.97 ,  50.06 ,  50.46 
TIPCO       ,  2.20 ,  15.89 ,  61.79 ,  16.20 ,  42.39 ,  69.86 ,  224.76 ,  35.11 ,,  16.85 ,,,,  10.15 
TISCO       ,,,,,,,,  58.92 ,  56.70 ,  52.36 ,  47.15 ,  37.68 ,  37.68 ,  45.21 
TIW         ,  49.93 ,  50.03 ,  49.95 ,  49.97 ,  50.01 ,  49.99 ,  59.95 ,  49.94 ,  49.98 ,  49.96 ,  50.05 ,  49.98 ,  (82.08),  (149.92)
TK          ,,  44.74 ,  44.93 ,  57.86 ,  60.35 ,  55.58 ,  52.16 ,  53.92 ,  48.84 ,  46.42 ,  56.17 ,  50.15 ,  46.01 ,  48.99 
TKS         ,,  78.32 ,  69.03 ,  62.40 ,  49.15 ,  22.76 ,  208.33 ,  43.88 ,  51.22 ,  43.62 ,  41.02 ,  76.97 ,  70.62 ,  63.11 
TKT         ,,,  41.40 ,  50.07 ,  158.85 ,  81.91 ,  62.04 ,  105.84 ,  63.18 ,  (72.07),  43.38 ,  82.38 ,  110.04 ,  103.58 
TLUXE       ,  73.15 ,  39.08 ,  79.79 ,  62.19 ,  57.98 ,  70.56 ,  74.90 ,  66.42 ,  61.10 ,  61.07 ,  66.05 ,  90.01 ,,
TMB         ,,,,,,,,,  20.39 ,  32.57 ,  89.53 ,  30.40 ,  27.47 ,  28.13 
TMD         ,  38.22 ,  37.57 ,  40.13 ,  41.36 ,  41.04 ,  37.55 ,  41.68 ,  41.97 ,  49.15 ,  45.59 ,  43.32 ,  21.55 ,  55.85 ,  56.15 
TMI         ,,,,,,,,,  65.47 ,,  46.92 ,  57.27 ,  (184.08),"  1,631.48 "
TMT         ,,,,  77.21 ,  66.76 ,  73.42 ,  57.95 ,  76.23 ,  79.02 ,  78.89 ,  76.72 ,  79.10 ,  84.63 ,  88.26 
TMW         ,,,  30.28 ,  30.12 ,  40.30 ,  43.47 ,  50.41 ,  29.57 ,  28.97 ,  61.10 ,,  24.37 ,,  31.51 
TNDT        ,,,,,,  39.55 ,  39.37 ,  39.92 ,  49.11 ,  40.71 ,  40.60 ,  40.62 ,  42.02 ,  44.09 
TNH         ,,,,,  60.29 ,  59.62 ,  57.42 ,  43.85 ,  52.44 ,  50.07 ,  61.01 ,  62.67 ,  60.30 ,  53.93 
TNITY       ,,  47.48 ,  47.83 ,  49.08 ,  70.73 ,  34.11 ,,,  99.42 ,  37.49 ,  85.44 ,  85.92 ,  32.96 ,  81.10 
TNL         ,  48.16 ,  49.33 ,  50.60 ,  49.21 ,  47.71 ,  45.47 ,  45.97 ,  58.58 ,  54.90 ,  47.15 ,  49.74 ,  55.00 ,  49.01 ,  51.96 
TNPC        ,,,,,,,,  26.02 ,  49.51 ,  (3.72),  4.34 ,  20.91 ,  (41.07),  28.14 
TOG         ,,,,,  48.63 ,  59.24 ,  76.93 ,  89.72 ,  83.29 ,  (35.76),  70.99 ,  85.94 ,  81.67 ,  78.49 
TOP         ,,,  24.36 ,  38.07 ,  43.03 ,  47.87 ,"  2,509.32 ",  43.13 ,  45.34 ,  45.32 ,  36.43 ,  45.14 ,  (58.78),  45.22 
TOPP        ,  25.82 ,  31.50 ,  30.21 ,  30.34 ,  33.06 ,  34.69 ,  30.09 ,  29.01 ,  27.42 ,  29.12 ,  28.60 ,  28.26 ,  28.11 ,  28.97 
TPA         ,  53.98 ,  118.75 ,  70.59 ,  79.85 ,  77.55 ,  145.35 ,  100.89 ,  89.35 ,  93.48 ,  81.77 ,  80.71 ,  90.90 ,  77.34 ,  78.21 
TPAC        ,,,,  55.11 ,  56.22 ,  67.78 ,  54.38 ,  50.53 ,  54.72 ,  52.38 ,  11.01 ,  52.05 ,  64.67 ,  50.07 
TPC         ,  50.33 ,  66.97 ,  55.52 ,  62.05 ,  63.72 ,  61.52 ,  65.32 ,  65.64 ,  65.65 ,  32.57 ,  59.06 ,  60.45 ,  51.51 ,  59.97 
TPCORP      ,  22.89 ,  25.05 ,  26.09 ,  27.72 ,  37.99 ,  51.18 ,  57.76 ,  66.58 ,  86.47 ,  73.46 ,  81.83 ,  112.49 ,  62.71 ,  71.96 
TPIPL       ,,,,,  25.42 ,,,  4.24 ,  13.28 ,  3.11 ,  81.33 ,  499.74 ,  30.31 ,  111.03 
TPOLY       ,,,,,,,,,  7.93 ,  68.35 ,,,,
TPP         ,,,,,,,,,,,  24.99 ,  59.22 ,  54.78 ,  78.37 
TPROP       ,,,,,,,,,,,,,,
TR          ,  19.55 ,  18.53 ,  17.65 ,  15.80 ,  19.09 ,  12.96 ,  11.73 ,  43.57 ,  11.60 ,  17.79 ,,"  (1,338.54)",  (1.04),
TRC         ,,,,,,,,,,,,  181.75 ,  7.51 ,  16.67 
TRS         ,  86.41 ,  62.50 ,,,,,,,,,,,,
TRT         ,,,,,,  50.97 ,  50.18 ,  59.41 ,  55.27 ,  56.13 ,  10.52 ,  52.03 ,  64.04 ,  (33.50)
TRU         ,  74.46 ,  59.75 ,  57.11 ,  41.87 ,,,,,  56.13 ,  66.10 ,  53.15 ,  33.41 ,  58.15 ,  61.06 
TRUBB       ,  55.37 ,,,,  82.64 ,,,  45.48 ,  35.12 ,  12.12 ,,,,
TRUE        ,,,,,,,,,,,,,,  3.78 
TSC         ,,,,  37.68 ,  58.27 ,  65.05 ,  67.68 ,  87.99 ,  43.59 ,  64.89 ,  84.26 ,  39.73 ,  143.48 ,  98.92 
TSF         ,,,,  74.88 ,  73.09 ,,,,,,,,,
TSI         ,  129.43 ,  97.59 ,  55.08 ,  42.10 ,  48.99 ,  41.96 ,  (123.15),  377.61 ,,,,,,
TSTE        ,  96.68 ,  29.63 ,  1.76 ,,,,  0.73 ,,  47.91 ,  24.76 ,  27.04 ,  222.13 ,  81.62 ,  14.71 
TSTH        ,,,,,  33.16 ,,  22.98 ,,,,,,,
TT&T        ,,,,,,,,,,,,,,
TTA         ,  26.63 ,  31.16 ,  66.86 ,  37.87 ,  24.81 ,  21.38 ,  16.50 ,  21.08 ,  23.14 ,  253.81 ,,,  242.46 ,  (0.80)
TTCL        ,,,,,,,,  50.88 ,  52.69 ,  51.69 ,  56.30 ,  59.85 ,  72.97 ,  70.24 
TTI         ,"  6,147.54 ",  37.18 ,  50.04 ,  58.03 ,  59.71 ,  (79.81),  102.30 ,  (19.21),  122.99 ,  90.96 ,  (26.61),  97.04 ,  (83.84),  375.75 
TTL         ,  62.31 ,  67.42 ,  72.80 ,  (83.91),,,,  60.03 ,  63.43 ,  62.99 ,  8.80 ,  30.95 ,  (152.76),  15.59 
TTTM        ,  23.37 ,  16.96 ,  24.60 ,  41.49 ,"  1,371.12 ",  44.05 ,  126.08 ,  11.13 ,  21.47 ,  11.76 ,  16.27 ,  13.66 ,  65.07 ,  114.96 
TTW         ,,,,,,,  58.75 ,  70.10 ,  67.70 ,  75.53 ,  85.69 ,  93.02 ,  87.21 ,  89.31 
TUCC        ,,,,,,,,,,,,,,
TVI         ,  96.58 ,  81.03 ,  87.24 ,  92.28 ,  88.97 ,  91.73 ,,  87.16 ,  78.26 ,  52.54 ,  40.17 ,  98.07 ,  18.81 ,  67.86 
TVO         ,  74.07 ,  77.53 ,  81.34 ,  68.72 ,  74.20 ,  59.65 ,  108.30 ,  70.85 ,  74.27 ,  96.59 ,  45.55 ,  84.31 ,  84.26 ,  80.75 
TWP         ,,,,,,,,,,,,,  84.26 ,  492.68 
TWZ         ,,,,  57.99 ,  57.87 ,  37.96 ,  159.81 ,,  41.43 ,  53.19 ,,  45.18 ,  63.52 ,  31.91 
TYCN        ,,  56.64 ,  48.48 ,  51.32 ,,,,,,,,,,
UAC         ,,,,,,,,,  20.81 ,  24.63 ,  4.37 ,  76.04 ,  8.08 ,  65.58 
UBIS        ,,,,,,  81.23 ,  82.94 ,  119.29 ,  84.63 ,  66.47 ,  53.35 ,  78.55 ,  132.76 ,  5.81 
UEC         ,,,,  64.66 ,  59.67 ,  64.95 ,  31.38 ,  46.90 ,  39.87 ,  42.93 ,  63.97 ,  78.85 ,  100.30 ,  96.08 
UKEM        ,,,,,  72.16 ,  48.87 ,  41.83 ,  46.62 ,  32.10 ,  39.64 ,  39.96 ,  32.23 ,  31.95 ,  21.88 
UMI         ,,,  51.70 ,,,,,  53.01 ,  51.19 ,  52.69 ,  8.73 ,  369.92 ,  306.99 ,  (70.32)
UMS         ,,,  78.04 ,  42.55 ,  60.45 ,  79.00 ,  46.80 ,,,  50.71 ,,,,
UNIQ        ,,,,,,  11.73 ,  44.94 ,  49.27 ,  25.30 ,,  12.30 ,  21.38 ,  40.89 ,  40.95 
UOBKH       ,,,,  20.38 ,  19.15 ,  20.19 ,  22.43 ,  21.68 ,  20.20 ,  21.51 ,  21.18 ,,  21.14 ,  21.38 
UP          ,  47.80 ,  47.94 ,  62.11 ,  59.39 ,  75.21 ,  107.91 ,  93.78 ,  210.08 ,  99.05 ,  95.39 ,,  97.07 ,  98.61 ,  97.94 
UPF         ,  36.40 ,  62.43 ,  79.18 ,  75.29 ,  97.10 ,  98.53 ,  101.67 ,  98.24 ,  99.32 ,  94.43 ,  95.19 ,  94.38 ,  99.93 ,  99.71 
UPOIC       ,  99.99 ,  87.88 ,  69.74 ,  85.49 ,  62.60 ,  93.88 ,  97.74 ,  94.71 ,  92.55 ,  91.94 ,  59.54 ,  88.14 ,  51.64 ,  (271.02)
UT          ,  263.13 ,,,,,,,,  25.53 ,  39.45 ,,,,
UTP         ,,,  49.43 ,  54.03 ,  53.56 ,  778.44 ,,  364.41 ,  77.34 ,  191.96 ,  88.43 ,  60.32 ,  65.19 ,  59.45 
UV          ,  18.56 ,  23.15 ,  60.54 ,  44.95 ,  36.40 ,  75.61 ,  61.84 ,  92.73 ,  67.42 ,  72.73 ,  19.85 ,  54.52 ,  36.30 ,  33.33 
UVAN        ,,  76.64 ,  73.20 ,  40.28 ,  68.34 ,  74.43 ,  74.83 ,  72.87 ,  78.84 ,  69.65 ,  67.22 ,  70.57 ,  73.85 ,  100.45 
VARO        ,  6.80 ,  56.95 ,  17.16 ,  21.24 ,  14.42 ,  22.07 ,,  29.23 ,  29.46 ,  36.60 ,,,,
VIBHA       ,  87.90 ,  93.99 ,  86.19 ,  84.40 ,  75.25 ,  85.61 ,  80.73 ,  86.66 ,  84.23 ,  147.43 ,  66.86 ,  575.69 ,  632.96 ,  54.85 
VNG         ,  42.49 ,  61.25 ,  52.79 ,  42.82 ,  45.70 ,  51.54 ,  42.43 ,  84.87 ,  42.66 ,  41.94 ,  40.52 ,,  56.71 ,  49.44 
VNT         ,,,  24.43 ,  28.76 ,  30.60 ,  30.79 ,  40.09 ,  42.10 ,  54.99 ,  59.58 ,  60.28 ,  38.28 ,  (12.30),  83.76 
VTE         ,,,,,,,,,,  25.78 ,  76.56 ,,,
WACOAL      ,  34.30 ,  33.93 ,  35.53 ,  35.53 ,  39.51 ,  44.37 ,  40.68 ,  50.67 ,  67.33 ,  63.97 ,  69.05 ,  106.16 ,  104.09 ,  39.48 
WAVE        ,,  95.99 ,,  78.79 ,  95.88 ,,,,,,,,,
WG          ,  50.62 ,  50.15 ,  51.37 ,  45.88 ,  44.35 ,  49.69 ,  50.77 ,  49.97 ,  47.09 ,  47.68 ,  47.78 ,  49.77 ,  53.92 ,  51.00 
WIN         ,,,,,,,,,,,,,,
WORK        ,,,  48.63 ,  79.37 ,  75.44 ,  100.19 ,  70.35 ,  79.31 ,  61.01 ,  76.47 ,  89.03 ,,  79.51 ,  86.68 
WR          ,,,,,,,,,,,,,,
YCI         ,,,,,,,,,,,,,,
YNP         ,,,,  18.24 ,  10.86 ,,,,,,,,,
YUASA       ,  39.70 ,  109.56 ,  265.02 ,,,,,  12.20 ,,,  10.08 ,  20.93 ,,  19.59 
ZMICO       ,  14.22 ,  35.78 ,  52.31 ,  75.25 ,  249.70 ,,  (261.60),,,  222.03 ,  62.16 ,  87.55 ,  41.35 ,  197.40 
BCH         ,,,,  76.31 ,  58.55 ,  60.14 ,  62.81 ,  37.02 ,  32.53 ,  59.29 ,  39.45 ,  68.23 ,  57.34 ,  56.75 
AMARIN      ,  49.17 ,  0.57 ,  55.12 ,  64.05 ,  59.35 ,  70.99 ,  58.01 ,  71.78 ,  64.79 ,  76.28 ,  68.76 ,  0.86 ,  (180.80),
GSTEL       ,,,,,  16.54 ,  17.71 ,,,,,,,,
PJW         ,,,,,,,,,,,  40.85 ,  39.67 ,,  58.29 
VIH         ,,,,,,,,,,,  177.60 ,  56.05 ,  16.57 ,  56.23 
AAV         ,,,,,,,,,,,,,,  44.97 
FPI         ,,,,,,,,,,,  36.30 ,  216.16 ,  132.73 ,  69.31 
JMT         ,,,,,,,,,,,  40.97 ,  78.21 ,  76.87 ,  62.55 
WHA         ,,,,,,,,,,,  29.22 ,  557.51 ,,
SNP         ,  65.52 ,  77.41 ,  80.95 ,  87.22 ,  86.08 ,  86.39 ,  99.97 ,  89.31 ,  83.47 ,  86.45 ,  83.14 ,  430.86 ,  78.82 ,  89.00 
UWC         ,,,,,,,,,,,,,,  205.64 
SRICHA      ,,,,,,,,,,,  74.22 ,  89.76 ,  91.82 ,  136.97 
TVD         ,,,,,,,,,,,  113.21 ,  157.73 ,  (129.56),
ANAN        ,,,,,,,,,,,,  20.54 ,  25.10 ,  27.62 
HOTPOT      ,,,,,,,,,,,  69.62 ,  56.95 ,,
PPS         ,,,,,,,,,,,  78.55 ,  99.35 ,  81.27 ,  79.24 
TMC         ,,,,,,,,,,,  44.94 ,  167.01 ,,
TMILL       ,,,,,,,,,,,  47.49 ,  47.76 ,  46.64 ,  48.12 
BEAUTY      ,,,,,,,,,,,  60.45 ,  922.38 ,  986.19 ,  99.13 
ARROW       ,,,,,,,,,,,  53.46 ,  66.76 ,  56.65 ,  56.21 
DNA         ,,,,,,,,,,,  4.83 ,  156.62 ,,
MPG         ,,,,,,,,,,,,,,
ABC         ,  52.20 ,  79.67 ,  59.56 ,,,,,,,,,,,
KKP         ,  50.00 ,  49.48 ,  48.95 ,  47.16 ,  55.72 ,  55.71 ,  49.03 ,  46.95 ,  50.79 ,  53.27 ,  53.19 ,  50.31 ,  59.19 ,  76.58 
WORLD       ,,,,,,,,,,,,,,
WIIK        ,,  71.02 ,,,  59.96 ,,  44.68 ,,,,,,,  39.60 
AEC         ,,  42.81 ,  81.24 ,,,  78.52 ,,,,,,,,
PRINC       ,,,,  33.95 ,,,  16.12 ,,,,,,,
EFORL       ,,,,,,,,,,,,,  38.22 ,  88.77 
VGI         ,,,,,,,,,,,,  136.08 ,  168.41 ,  61.47 
AKP         ,,,,,,,,,,,,  47.93 ,  49.47 ,  51.36 
EA          ,,,,,,,,,,,,  27.84 ,  4.64 ,  13.88 
PPP         ,,,,,,,,,,,,  11.46 ,  29.23 ,  35.05 
ECF         ,,,,,,,,,,,,  38.25 ,  51.35 ,  42.75 
SANKO       ,,,,,,,,,,,,,,
CHO         ,,,,,,,,,,,,  27.24 ,  52.35 ,  16.31 
CHG         ,,,,,,,,,,,,  716.73 ,  686.61 ,  73.55 
PTG         ,,,,,,,,,,,,  58.82 ,  50.70 ,  51.33 
MONO        ,,,,,,,,,,,,,,
NOK         ,,,,,,,,,,,,  60.38 ,,
CKP         ,,,,,,,,,,,,,  122.01 ,  39.90 
MC          ,,,,,,,,,,,,  79.62 ,  89.93 ,  81.97 
PACE        ,,,,,,,,,,,,,,
AUCT        ,,,,,,,,,,,,  94.87 ,  92.37 ,  99.66 
M           ,,,,,,,,,,,,  71.08 ,  79.94 ,  93.18 
BKD         ,,,,,,,,,,,,  255.51 ,  10.68 ,  68.65 
SEAOIL      ,,,,,,,,,,,,  7.92 ,  7.36 ,  67.68 
CSS         ,,,,,,,,,,,,  106.81 ,  26.36 ,  89.33 
NYT         ,,,,,,,,,,,,  81.61 ,  92.03 ,  90.65 
WINNER      ,,,,,,,,,,,,  81.35 ,  83.65 ,  89.91 
THREL       ,,,,,,,,,,,,  70.50 ,  72.64 ,  77.19 
FVC         ,,,,,,,,,,,,  51.25 ,  66.97 ,  99.26 
BJCHI       ,,,,,,,,,,,,  318.33 ,  39.85 ,  60.60 
MEGA        ,,,,,,,,,,,,  25.00 ,  55.27 ,  49.75 
GCAP        ,,,,,,,,,,,,  34.45 ,  53.86 ,  72.45 
SPVI        ,,,,,,,,,,,,  40.11 ,  50.90 ,  92.09 
OCEAN       ,,,,,,,,,,,,  44.75 ,  7.80 ,
GEL         ,,,,,,,,,,,,,  29.95 ,
SMG         ,  63.30 ,  67.81 ,  93.96 ,  88.46 ,  88.50 ,  87.68 ,,  135.72 ,  98.88 ,,,,,
POLAR       ,,,,,,,,,,,,,,
AQ          ,,,,,,,,,,,,,,
BIG         ,  98.46 ,,,,,,,,,,,,,  46.08 
PRAKIT      ,  61.20 ,  63.38 ,  26.83 ,  65.79 ,  76.77 ,  77.60 ,  71.56 ,  80.52 ,  69.75 ,  63.68 ,  63.20 ,  77.13 ,  103.66 ,  51.44 
BDMS        ,  93.13 ,  78.03 ,  93.35 ,  70.97 ,  44.65 ,  48.79 ,  43.84 ,  49.28 ,,  38.76 ,  35.05 ,  494.80 ,  48.19 ,  50.87 
PK          ,  22.28 ,,,  35.42 ,  35.61 ,,,,,,,,,
U           ,,,,,,,,,,,,,,
NPP         ,  34.39 ,  34.82 ,,,  604.71 ,  33.52 ,  576.43 ,  (431.91),,,  17.15 ,,,
NEWS        ,,,  94.58 ,  85.58 ,  90.71 ,,,,,,,,,
S           ,,,,,,  65.52 ,,  27.12 ,  21.01 ,  6.35 ,  12.11 ,,,
THE         ,,,,,,,  87.50 ,,  26.29 ,  26.56 ,  600.60 ,,,
COL         ,,,,,,,,,,,  33.43 ,  39.14 ,  40.07 ,  44.70 
GIFT        ,,,,,,,,,,  76.66 ,  11.68 ,  41.87 ,  18.94 ,  23.50 
UREKA       ,,,,,,,,,,,,  90.70 ,  (46.02),
KTIS        ,,,,,,,,,,,,,  50.87 ,  52.88 
PCSGH       ,,,,,,,,,,,,,  90.48 ,  91.26 
SUTHA       ,,,,,,,,,,,,,  70.42 ,  139.57 
OTO         ,,,,,,,,,,,,,  67.89 ,  67.64 
AIE         ,,,,,,,,,,,,,,
LIT         ,,,,,,,,,,,,,  50.20 ,  51.10 
AJD         ,,,,,,,,,,,,,,
RWI         ,,,,,,,,,,,,,,
TSR         ,,,,,,,,,,,,,  32.97 ,  36.30 
ICHI        ,,,,,,,,,,,,,  120.51 ,  79.98 
AIRA        ,,,,,,,,,,,,,  82.95 ,  (41.80)
TAE         ,,,,,,,,,,,,,  68.40 ,  61.41 
PCA         ,,,,,,,,,,,,,  61.92 ,  65.55 
CCN         ,,,,,,,,,,,,,  44.96 ,  77.23 
SAWAD       ,,,,,,,,,,,,,  0.37 ,  0.23 
RICHY       ,,,,,,,,,,,,,  12.82 ,  109.07 
PDG         ,,,,,,,,,,,,,  78.59 ,  71.81 
SAPPE       ,,,,,,,,,,,,,  25.53 ,  42.11 
TAKUNI      ,,,,,,,,,,,,,  160.56 ,  20.00 
XO          ,,,,,,,,,,,,,,  40.77 
LDC         ,,,,,,,,,,,,,,
SMART       ,,,,,,,,,,,,,,
CBG         ,,,,,,,,,,,,,  65.71 ,  70.89 
FSMART      ,,,,,,,,,,,,,  104.25 ,  82.43 
BA          ,,,,,,,,,,,,,  119.62 ,  81.81 
SPA         ,,,,,,,,,,,,,  42.86 ,  53.52 
WP          ,,,,,,,,,,,,,,
TSE         ,,,,,,,,,,,,,,  20.68 
BRR         ,,,,,,,,,,,,,  57.36 ,  54.74 
MTLS        ,,,,,,,,,,,,,  50.65 ,  51.39 
NCL         ,,,,,,,,,,,,,  51.17 ,
FIRE        ,,,,,,,,,,,,,  86.63 ,  75.75 
JSP         ,,,,,,,,,,,,,  86.28 ,  53.85 
VPO         ,,,,,,,,,,,,,  50.09 ,
KCM         ,,,,,,,,,,,,,  288.52 ,  39.86 
PSTC        ,,,,,,,,,,,,,  56.46 ,  26.98 
DCORP       ,,,,,,,,,,,,,,
ACC         ,,,  153.97 ,,,,  39.05 ,,,  69.49 ,,,,
TU          ,  70.43 ,  69.73 ,  69.76 ,  50.09 ,  30.32 ,  53.50 ,  50.57 ,  50.71 ,  50.04 ,  29.40 ,  51.34 ,  239.75 ,  135.89 ,  56.70 
TT          ,,,,,,,,,,,,,,
VI          ,,,,,,,,,,,,,,
FER         ,  44.79 ,,  60.55 ,  60.05 ,,  55.41 ,,  42.64 ,,,,,,
GREEN       ,,,,,  59.17 ,  145.96 ,,,,,,,,
T           ,,,,,  48.26 ,,,,,,,,,
UPA         ,,,,,,,,,,,,,,
TFG         ,,,,,,,,,,,,,,
PMTA        ,,,,,,,,,,,,,,  48.65 
CGH         ,,,,,,,,,,,,,,  331.45 
NDR         ,,,,,,,,,,,,,,  37.73 
TPCH        ,,,,,,,,,,,,,,
EPG         ,,,,,,,,,,,,,,  71.20 
PLANB       ,,,,,,,,,,,,,,  61.35 
SCN         ,,,,,,,,,,,,,,  53.24 
S11         ,,,,,,,,,,,,,,  46.89 
PLAT        ,,,,,,,,,,,,,,  70.05 
SLP         ,,,,,,,,,,,,,,  82.09 
TVT         ,,,,,,,,,,,,,,  159.18 
GPSC        ,,,,,,,,,,,,,,  74.68 
ORI         ,,,,,,,,,,,,,,  28.47 
DAII        ,,,,,,,,,,,,,,  50.00 
HPT         ,,,,,,,,,,,,,,  90.12 
BR          ,,,,,,,,,,,,,,  83.02 
ASEFA       ,,,,,,,,,,,,,,  53.20 
WICE        ,,,,,,,,,,,,,,  69.32 
AMATAV      ,,,,,,,,,,,,,,  115.56 
COM7        ,,,,,,,,,,,,,,  67.05 
PIMO        ,,,,,,,,,,,,,,  43.11 
ATP30       ,,,,,,,,,,,,,,  82.05 
TKN         ,,,,,,,,,,,,,,  36.50 
JWD         ,,,,,,,,,,,,,,  11.90 
KOOL        ,,,,,,,,,,,,,,  119.62 
LPH         ,,,,,,,,,,,,,,  112.00 
J           ,,,,,,,,,,,,,,  44.58 
TWPC        ,,,,,,,,,,,,,,  294.58 
SCI         ,,,,,,,,,,,,,,  40.10 
RP          ,,,,,,,,,,,,,,  178.02 
SR          ,,,,,,,,,,,,,,  80.07 
TNP         ,,,,,,,,,,,,,,  61.32 
SPRC        ,,,,,,,,,,,,,,  13.90 
TACC        ,,,,,,,,,,,,,,  35.79 
K           ,,,,,,,,,,,,,,  29.89 