Stock,ราคาล่าสุด(Home),Sector
CHOTI,/C13_FastQuote_Main.jsp?txtSymbol=CHOTI,AGRI
EE,/C13_FastQuote_Main.jsp?txtSymbol=EE,AGRI
GFPT,/C13_FastQuote_Main.jsp?txtSymbol=GFPT,AGRI
LEE,/C13_FastQuote_Main.jsp?txtSymbol=LEE,AGRI
STA,/C13_FastQuote_Main.jsp?txtSymbol=STA,AGRI
TLUXE,/C13_FastQuote_Main.jsp?txtSymbol=TLUXE,AGRI
TRUBB,/C13_FastQuote_Main.jsp?txtSymbol=TRUBB,AGRI
TWPC,/C13_FastQuote_Main.jsp?txtSymbol=TWPC,AGRI
UPOIC,/C13_FastQuote_Main.jsp?txtSymbol=UPOIC,AGRI
UVAN,/C13_FastQuote_Main.jsp?txtSymbol=UVAN,AGRI
VPO,/C13_FastQuote_Main.jsp?txtSymbol=VPO,AGRI
APURE,/C13_FastQuote_Main.jsp?txtSymbol=APURE,FOOD
ASIAN,/C13_FastQuote_Main.jsp?txtSymbol=ASIAN,FOOD
BR,/C13_FastQuote_Main.jsp?txtSymbol=BR,FOOD
BRR,/C13_FastQuote_Main.jsp?txtSymbol=BRR,FOOD
CBG,/C13_FastQuote_Main.jsp?txtSymbol=CBG,FOOD
CFRESH,/C13_FastQuote_Main.jsp?txtSymbol=CFRESH,FOOD
CM,/C13_FastQuote_Main.jsp?txtSymbol=CM,FOOD
CPF,/C13_FastQuote_Main.jsp?txtSymbol=CPF,FOOD
CPI,/C13_FastQuote_Main.jsp?txtSymbol=CPI,FOOD
F&D,/C13_FastQuote_Main.jsp?txtSymbol=F%26D,FOOD
HTC,/C13_FastQuote_Main.jsp?txtSymbol=HTC,FOOD
ICHI,/C13_FastQuote_Main.jsp?txtSymbol=ICHI,FOOD
KBS,/C13_FastQuote_Main.jsp?txtSymbol=KBS,FOOD
KSL,/C13_FastQuote_Main.jsp?txtSymbol=KSL,FOOD
KTIS,/C13_FastQuote_Main.jsp?txtSymbol=KTIS,FOOD
LST,/C13_FastQuote_Main.jsp?txtSymbol=LST,FOOD
M,/C13_FastQuote_Main.jsp?txtSymbol=M,FOOD
MALEE,/C13_FastQuote_Main.jsp?txtSymbol=MALEE,FOOD
MINT,/C13_FastQuote_Main.jsp?txtSymbol=MINT,FOOD
OISHI,/C13_FastQuote_Main.jsp?txtSymbol=OISHI,FOOD
PB,/C13_FastQuote_Main.jsp?txtSymbol=PB,FOOD
PM,/C13_FastQuote_Main.jsp?txtSymbol=PM,FOOD
PRG,/C13_FastQuote_Main.jsp?txtSymbol=PRG,FOOD
SAPPE,/C13_FastQuote_Main.jsp?txtSymbol=SAPPE,FOOD
SAUCE,/C13_FastQuote_Main.jsp?txtSymbol=SAUCE,FOOD
SFP,/C13_FastQuote_Main.jsp?txtSymbol=SFP,FOOD
SNP,/C13_FastQuote_Main.jsp?txtSymbol=SNP,FOOD
SORKON,/C13_FastQuote_Main.jsp?txtSymbol=SORKON,FOOD
SSC,/C13_FastQuote_Main.jsp?txtSymbol=SSC,FOOD
SSF,/C13_FastQuote_Main.jsp?txtSymbol=SSF,FOOD
SST,/C13_FastQuote_Main.jsp?txtSymbol=SST,FOOD
TC,/C13_FastQuote_Main.jsp?txtSymbol=TC,FOOD
TFG,/C13_FastQuote_Main.jsp?txtSymbol=TFG,FOOD
TFMAMA,/C13_FastQuote_Main.jsp?txtSymbol=TFMAMA,FOOD
TIPCO,/C13_FastQuote_Main.jsp?txtSymbol=TIPCO,FOOD
TKN,/C13_FastQuote_Main.jsp?txtSymbol=TKN,FOOD
TU,/C13_FastQuote_Main.jsp?txtSymbol=TU,FOOD
TVO,/C13_FastQuote_Main.jsp?txtSymbol=TVO,FOOD
AFC,/C13_FastQuote_Main.jsp?txtSymbol=AFC,FASHION
BTNC,/C13_FastQuote_Main.jsp?txtSymbol=BTNC,FASHION
CPH,/C13_FastQuote_Main.jsp?txtSymbol=CPH,FASHION
CPL,/C13_FastQuote_Main.jsp?txtSymbol=CPL,FASHION
DIGI,/C13_FastQuote_Main.jsp?txtSymbol=DIGI,FASHION
ICC,/C13_FastQuote_Main.jsp?txtSymbol=ICC,FASHION
LTX,/C13_FastQuote_Main.jsp?txtSymbol=LTX,FASHION
NC,/C13_FastQuote_Main.jsp?txtSymbol=NC,FASHION
PAF,/C13_FastQuote_Main.jsp?txtSymbol=PAF,FASHION
PDJ,/C13_FastQuote_Main.jsp?txtSymbol=PDJ,FASHION
PG,/C13_FastQuote_Main.jsp?txtSymbol=PG,FASHION
SABINA,/C13_FastQuote_Main.jsp?txtSymbol=SABINA,FASHION
SAWANG,/C13_FastQuote_Main.jsp?txtSymbol=SAWANG,FASHION
SUC,/C13_FastQuote_Main.jsp?txtSymbol=SUC,FASHION
TNL,/C13_FastQuote_Main.jsp?txtSymbol=TNL,FASHION
TPCORP,/C13_FastQuote_Main.jsp?txtSymbol=TPCORP,FASHION
TR,/C13_FastQuote_Main.jsp?txtSymbol=TR,FASHION
TTI,/C13_FastQuote_Main.jsp?txtSymbol=TTI,FASHION
TTL,/C13_FastQuote_Main.jsp?txtSymbol=TTL,FASHION
TTTM,/C13_FastQuote_Main.jsp?txtSymbol=TTTM,FASHION
UPF,/C13_FastQuote_Main.jsp?txtSymbol=UPF,FASHION
UT,/C13_FastQuote_Main.jsp?txtSymbol=UT,FASHION
WACOAL,/C13_FastQuote_Main.jsp?txtSymbol=WACOAL,FASHION
ACC,/C13_FastQuote_Main.jsp?txtSymbol=ACC,HOME
AJA,/C13_FastQuote_Main.jsp?txtSymbol=AJA,HOME
DTCI,/C13_FastQuote_Main.jsp?txtSymbol=DTCI,HOME
FANCY,/C13_FastQuote_Main.jsp?txtSymbol=FANCY,HOME
KYE,/C13_FastQuote_Main.jsp?txtSymbol=KYE,HOME
L&E,/C13_FastQuote_Main.jsp?txtSymbol=L%26E,HOME
MODERN,/C13_FastQuote_Main.jsp?txtSymbol=MODERN,HOME
OGC,/C13_FastQuote_Main.jsp?txtSymbol=OGC,HOME
ROCK,/C13_FastQuote_Main.jsp?txtSymbol=ROCK,HOME
SIAM,/C13_FastQuote_Main.jsp?txtSymbol=SIAM,HOME
TSR,/C13_FastQuote_Main.jsp?txtSymbol=TSR,HOME
DDD,/C13_FastQuote_Main.jsp?txtSymbol=DDD,PERSON
JCT,/C13_FastQuote_Main.jsp?txtSymbol=JCT,PERSON
OCC,/C13_FastQuote_Main.jsp?txtSymbol=OCC,PERSON
S & J,/C13_FastQuote_Main.jsp?txtSymbol=S+%26+J,PERSON
STHAI,/C13_FastQuote_Main.jsp?txtSymbol=STHAI,PERSON
TNR,/C13_FastQuote_Main.jsp?txtSymbol=TNR,PERSON
TOG,/C13_FastQuote_Main.jsp?txtSymbol=TOG,PERSON
BAY,/C13_FastQuote_Main.jsp?txtSymbol=BAY,BANK
BBL,/C13_FastQuote_Main.jsp?txtSymbol=BBL,BANK
CIMBT,/C13_FastQuote_Main.jsp?txtSymbol=CIMBT,BANK
KBANK,/C13_FastQuote_Main.jsp?txtSymbol=KBANK,BANK
KKP,/C13_FastQuote_Main.jsp?txtSymbol=KKP,BANK
KTB,/C13_FastQuote_Main.jsp?txtSymbol=KTB,BANK
LHFG,/C13_FastQuote_Main.jsp?txtSymbol=LHFG,BANK
SCB,/C13_FastQuote_Main.jsp?txtSymbol=SCB,BANK
TCAP,/C13_FastQuote_Main.jsp?txtSymbol=TCAP,BANK
TISCO,/C13_FastQuote_Main.jsp?txtSymbol=TISCO,BANK
TMB,/C13_FastQuote_Main.jsp?txtSymbol=TMB,BANK
AEC,/C13_FastQuote_Main.jsp?txtSymbol=AEC,FIN
AEONTS,/C13_FastQuote_Main.jsp?txtSymbol=AEONTS,FIN
AMANAH,/C13_FastQuote_Main.jsp?txtSymbol=AMANAH,FIN
ASAP,/C13_FastQuote_Main.jsp?txtSymbol=ASAP,FIN
ASK,/C13_FastQuote_Main.jsp?txtSymbol=ASK,FIN
ASP,/C13_FastQuote_Main.jsp?txtSymbol=ASP,FIN
BFIT,/C13_FastQuote_Main.jsp?txtSymbol=BFIT,FIN
CGH,/C13_FastQuote_Main.jsp?txtSymbol=CGH,FIN
CNS,/C13_FastQuote_Main.jsp?txtSymbol=CNS,FIN
ECL,/C13_FastQuote_Main.jsp?txtSymbol=ECL,FIN
FNS,/C13_FastQuote_Main.jsp?txtSymbol=FNS,FIN
FSS,/C13_FastQuote_Main.jsp?txtSymbol=FSS,FIN
GBX,/C13_FastQuote_Main.jsp?txtSymbol=GBX,FIN
GL,/C13_FastQuote_Main.jsp?txtSymbol=GL,FIN
IFS,/C13_FastQuote_Main.jsp?txtSymbol=IFS,FIN
JMT,/C13_FastQuote_Main.jsp?txtSymbol=JMT,FIN
KCAR,/C13_FastQuote_Main.jsp?txtSymbol=KCAR,FIN
KGI,/C13_FastQuote_Main.jsp?txtSymbol=KGI,FIN
KTC,/C13_FastQuote_Main.jsp?txtSymbol=KTC,FIN
MBKET,/C13_FastQuote_Main.jsp?txtSymbol=MBKET,FIN
MFC,/C13_FastQuote_Main.jsp?txtSymbol=MFC,FIN
ML,/C13_FastQuote_Main.jsp?txtSymbol=ML,FIN
MTLS,/C13_FastQuote_Main.jsp?txtSymbol=MTLS,FIN
PE,/C13_FastQuote_Main.jsp?txtSymbol=PE,FIN
PL,/C13_FastQuote_Main.jsp?txtSymbol=PL,FIN
S11,/C13_FastQuote_Main.jsp?txtSymbol=S11,FIN
SAWAD,/C13_FastQuote_Main.jsp?txtSymbol=SAWAD,FIN
THANI,/C13_FastQuote_Main.jsp?txtSymbol=THANI,FIN
TK,/C13_FastQuote_Main.jsp?txtSymbol=TK,FIN
TNITY,/C13_FastQuote_Main.jsp?txtSymbol=TNITY,FIN
UOBKH,/C13_FastQuote_Main.jsp?txtSymbol=UOBKH,FIN
ZMICO,/C13_FastQuote_Main.jsp?txtSymbol=ZMICO,FIN
AYUD,/C13_FastQuote_Main.jsp?txtSymbol=AYUD,INSUR
BKI,/C13_FastQuote_Main.jsp?txtSymbol=BKI,INSUR
BLA,/C13_FastQuote_Main.jsp?txtSymbol=BLA,INSUR
BUI,/C13_FastQuote_Main.jsp?txtSymbol=BUI,INSUR
CHARAN,/C13_FastQuote_Main.jsp?txtSymbol=CHARAN,INSUR
INSURE,/C13_FastQuote_Main.jsp?txtSymbol=INSURE,INSUR
MTI,/C13_FastQuote_Main.jsp?txtSymbol=MTI,INSUR
NKI,/C13_FastQuote_Main.jsp?txtSymbol=NKI,INSUR
NSI,/C13_FastQuote_Main.jsp?txtSymbol=NSI,INSUR
SMK,/C13_FastQuote_Main.jsp?txtSymbol=SMK,INSUR
THRE,/C13_FastQuote_Main.jsp?txtSymbol=THRE,INSUR
THREL,/C13_FastQuote_Main.jsp?txtSymbol=THREL,INSUR
TIC,/C13_FastQuote_Main.jsp?txtSymbol=TIC,INSUR
TIP,/C13_FastQuote_Main.jsp?txtSymbol=TIP,INSUR
TSI,/C13_FastQuote_Main.jsp?txtSymbol=TSI,INSUR
TVI,/C13_FastQuote_Main.jsp?txtSymbol=TVI,INSUR
AH,/C13_FastQuote_Main.jsp?txtSymbol=AH,AUTO
APCS,/C13_FastQuote_Main.jsp?txtSymbol=APCS,AUTO
BAT-3K,/C13_FastQuote_Main.jsp?txtSymbol=BAT-3K,AUTO
CWT,/C13_FastQuote_Main.jsp?txtSymbol=CWT,AUTO
EASON,/C13_FastQuote_Main.jsp?txtSymbol=EASON,AUTO
GYT,/C13_FastQuote_Main.jsp?txtSymbol=GYT,AUTO
HFT,/C13_FastQuote_Main.jsp?txtSymbol=HFT,AUTO
IHL,/C13_FastQuote_Main.jsp?txtSymbol=IHL,AUTO
INGRS,/C13_FastQuote_Main.jsp?txtSymbol=INGRS,AUTO
IRC,/C13_FastQuote_Main.jsp?txtSymbol=IRC,AUTO
PCSGH,/C13_FastQuote_Main.jsp?txtSymbol=PCSGH,AUTO
SAT,/C13_FastQuote_Main.jsp?txtSymbol=SAT,AUTO
SPG,/C13_FastQuote_Main.jsp?txtSymbol=SPG,AUTO
STANLY,/C13_FastQuote_Main.jsp?txtSymbol=STANLY,AUTO
TKT,/C13_FastQuote_Main.jsp?txtSymbol=TKT,AUTO
TNPC,/C13_FastQuote_Main.jsp?txtSymbol=TNPC,AUTO
TRU,/C13_FastQuote_Main.jsp?txtSymbol=TRU,AUTO
TSC,/C13_FastQuote_Main.jsp?txtSymbol=TSC,AUTO
YNP,/C13_FastQuote_Main.jsp?txtSymbol=YNP,AUTO
ALLA,/C13_FastQuote_Main.jsp?txtSymbol=ALLA,IMM
ASEFA,/C13_FastQuote_Main.jsp?txtSymbol=ASEFA,IMM
CPT,/C13_FastQuote_Main.jsp?txtSymbol=CPT,IMM
CRANE,/C13_FastQuote_Main.jsp?txtSymbol=CRANE,IMM
CTW,/C13_FastQuote_Main.jsp?txtSymbol=CTW,IMM
FMT,/C13_FastQuote_Main.jsp?txtSymbol=FMT,IMM
HTECH,/C13_FastQuote_Main.jsp?txtSymbol=HTECH,IMM
KKC,/C13_FastQuote_Main.jsp?txtSymbol=KKC,IMM
PK,/C13_FastQuote_Main.jsp?txtSymbol=PK,IMM
SNC,/C13_FastQuote_Main.jsp?txtSymbol=SNC,IMM
TCJ,/C13_FastQuote_Main.jsp?txtSymbol=TCJ,IMM
VARO,/C13_FastQuote_Main.jsp?txtSymbol=VARO,IMM
UTP,/C13_FastQuote_Main.jsp?txtSymbol=UTP,PAPER
CMAN,/C13_FastQuote_Main.jsp?txtSymbol=CMAN,PETRO
GC,/C13_FastQuote_Main.jsp?txtSymbol=GC,PETRO
GGC,/C13_FastQuote_Main.jsp?txtSymbol=GGC,PETRO
GIFT,/C13_FastQuote_Main.jsp?txtSymbol=GIFT,PETRO
IVL,/C13_FastQuote_Main.jsp?txtSymbol=IVL,PETRO
PATO,/C13_FastQuote_Main.jsp?txtSymbol=PATO,PETRO
PMTA,/C13_FastQuote_Main.jsp?txtSymbol=PMTA,PETRO
PTTGC,/C13_FastQuote_Main.jsp?txtSymbol=PTTGC,PETRO
SUTHA,/C13_FastQuote_Main.jsp?txtSymbol=SUTHA,PETRO
TCB,/C13_FastQuote_Main.jsp?txtSymbol=TCB,PETRO
TCCC,/C13_FastQuote_Main.jsp?txtSymbol=TCCC,PETRO
TPA,/C13_FastQuote_Main.jsp?txtSymbol=TPA,PETRO
UP,/C13_FastQuote_Main.jsp?txtSymbol=UP,PETRO
VNT,/C13_FastQuote_Main.jsp?txtSymbol=VNT,PETRO
WG,/C13_FastQuote_Main.jsp?txtSymbol=WG,PETRO
YCI,/C13_FastQuote_Main.jsp?txtSymbol=YCI,PETRO
AJ,/C13_FastQuote_Main.jsp?txtSymbol=AJ,PKG
ALUCON,/C13_FastQuote_Main.jsp?txtSymbol=ALUCON,PKG
CSC,/C13_FastQuote_Main.jsp?txtSymbol=CSC,PKG
NEP,/C13_FastQuote_Main.jsp?txtSymbol=NEP,PKG
NPP,/C13_FastQuote_Main.jsp?txtSymbol=NPP,PKG
PTL,/C13_FastQuote_Main.jsp?txtSymbol=PTL,PKG
SITHAI,/C13_FastQuote_Main.jsp?txtSymbol=SITHAI,PKG
SLP,/C13_FastQuote_Main.jsp?txtSymbol=SLP,PKG
SMPC,/C13_FastQuote_Main.jsp?txtSymbol=SMPC,PKG
SPACK,/C13_FastQuote_Main.jsp?txtSymbol=SPACK,PKG
TCOAT,/C13_FastQuote_Main.jsp?txtSymbol=TCOAT,PKG
TFI,/C13_FastQuote_Main.jsp?txtSymbol=TFI,PKG
THIP,/C13_FastQuote_Main.jsp?txtSymbol=THIP,PKG
TMD,/C13_FastQuote_Main.jsp?txtSymbol=TMD,PKG
TOPP,/C13_FastQuote_Main.jsp?txtSymbol=TOPP,PKG
TPBI,/C13_FastQuote_Main.jsp?txtSymbol=TPBI,PKG
TPP,/C13_FastQuote_Main.jsp?txtSymbol=TPP,PKG
AMC,/C13_FastQuote_Main.jsp?txtSymbol=AMC,STEEL
BSBM,/C13_FastQuote_Main.jsp?txtSymbol=BSBM,STEEL
CEN,/C13_FastQuote_Main.jsp?txtSymbol=CEN,STEEL
CITY,/C13_FastQuote_Main.jsp?txtSymbol=CITY,STEEL
CSP,/C13_FastQuote_Main.jsp?txtSymbol=CSP,STEEL
GJS,/C13_FastQuote_Main.jsp?txtSymbol=GJS,STEEL
GSTEL,/C13_FastQuote_Main.jsp?txtSymbol=GSTEL,STEEL
INOX,/C13_FastQuote_Main.jsp?txtSymbol=INOX,STEEL
LHK,/C13_FastQuote_Main.jsp?txtSymbol=LHK,STEEL
MAX,/C13_FastQuote_Main.jsp?txtSymbol=MAX,STEEL
MCS,/C13_FastQuote_Main.jsp?txtSymbol=MCS,STEEL
MILL,/C13_FastQuote_Main.jsp?txtSymbol=MILL,STEEL
PAP,/C13_FastQuote_Main.jsp?txtSymbol=PAP,STEEL
PERM,/C13_FastQuote_Main.jsp?txtSymbol=PERM,STEEL
RICH,/C13_FastQuote_Main.jsp?txtSymbol=RICH,STEEL
SAM,/C13_FastQuote_Main.jsp?txtSymbol=SAM,STEEL
SMIT,/C13_FastQuote_Main.jsp?txtSymbol=SMIT,STEEL
SSI,/C13_FastQuote_Main.jsp?txtSymbol=SSI,STEEL
SSSC,/C13_FastQuote_Main.jsp?txtSymbol=SSSC,STEEL
TGPRO,/C13_FastQuote_Main.jsp?txtSymbol=TGPRO,STEEL
THE,/C13_FastQuote_Main.jsp?txtSymbol=THE,STEEL
TIW,/C13_FastQuote_Main.jsp?txtSymbol=TIW,STEEL
TMT,/C13_FastQuote_Main.jsp?txtSymbol=TMT,STEEL
TSTH,/C13_FastQuote_Main.jsp?txtSymbol=TSTH,STEEL
TUCC,/C13_FastQuote_Main.jsp?txtSymbol=TUCC,STEEL
TWP,/C13_FastQuote_Main.jsp?txtSymbol=TWP,STEEL
TYCN,/C13_FastQuote_Main.jsp?txtSymbol=TYCN,STEEL
CCP,/C13_FastQuote_Main.jsp?txtSymbol=CCP,CONMAT
DCC,/C13_FastQuote_Main.jsp?txtSymbol=DCC,CONMAT
DCON,/C13_FastQuote_Main.jsp?txtSymbol=DCON,CONMAT
DRT,/C13_FastQuote_Main.jsp?txtSymbol=DRT,CONMAT
EPG,/C13_FastQuote_Main.jsp?txtSymbol=EPG,CONMAT
GEL,/C13_FastQuote_Main.jsp?txtSymbol=GEL,CONMAT
PPP,/C13_FastQuote_Main.jsp?txtSymbol=PPP,CONMAT
Q-CON,/C13_FastQuote_Main.jsp?txtSymbol=Q-CON,CONMAT
RCI,/C13_FastQuote_Main.jsp?txtSymbol=RCI,CONMAT
SCC,/C13_FastQuote_Main.jsp?txtSymbol=SCC,CONMAT
SCCC,/C13_FastQuote_Main.jsp?txtSymbol=SCCC,CONMAT
SCP,/C13_FastQuote_Main.jsp?txtSymbol=SCP,CONMAT
SKN,/C13_FastQuote_Main.jsp?txtSymbol=SKN,CONMAT
TASCO,/C13_FastQuote_Main.jsp?txtSymbol=TASCO,CONMAT
TCMC,/C13_FastQuote_Main.jsp?txtSymbol=TCMC,CONMAT
TGCI,/C13_FastQuote_Main.jsp?txtSymbol=TGCI,CONMAT
TOA,/C13_FastQuote_Main.jsp?txtSymbol=TOA,CONMAT
TPIPL,/C13_FastQuote_Main.jsp?txtSymbol=TPIPL,CONMAT
UMI,/C13_FastQuote_Main.jsp?txtSymbol=UMI,CONMAT
VNG,/C13_FastQuote_Main.jsp?txtSymbol=VNG,CONMAT
WIIK,/C13_FastQuote_Main.jsp?txtSymbol=WIIK,CONMAT
A,/C13_FastQuote_Main.jsp?txtSymbol=A,PROP
AMATA,/C13_FastQuote_Main.jsp?txtSymbol=AMATA,PROP
AMATAV,/C13_FastQuote_Main.jsp?txtSymbol=AMATAV,PROP
ANAN,/C13_FastQuote_Main.jsp?txtSymbol=ANAN,PROP
AP,/C13_FastQuote_Main.jsp?txtSymbol=AP,PROP
APEX,/C13_FastQuote_Main.jsp?txtSymbol=APEX,PROP
AQ,/C13_FastQuote_Main.jsp?txtSymbol=AQ,PROP
BLAND,/C13_FastQuote_Main.jsp?txtSymbol=BLAND,PROP
BROCK,/C13_FastQuote_Main.jsp?txtSymbol=BROCK,PROP
CGD,/C13_FastQuote_Main.jsp?txtSymbol=CGD,PROP
CI,/C13_FastQuote_Main.jsp?txtSymbol=CI,PROP
CPN,/C13_FastQuote_Main.jsp?txtSymbol=CPN,PROP
ESTAR,/C13_FastQuote_Main.jsp?txtSymbol=ESTAR,PROP
EVER,/C13_FastQuote_Main.jsp?txtSymbol=EVER,PROP
GLAND,/C13_FastQuote_Main.jsp?txtSymbol=GLAND,PROP
GOLD,/C13_FastQuote_Main.jsp?txtSymbol=GOLD,PROP
GREEN,/C13_FastQuote_Main.jsp?txtSymbol=GREEN,PROP
J,/C13_FastQuote_Main.jsp?txtSymbol=J,PROP
KC,/C13_FastQuote_Main.jsp?txtSymbol=KC,PROP
KWG,/C13_FastQuote_Main.jsp?txtSymbol=KWG,PROP
LALIN,/C13_FastQuote_Main.jsp?txtSymbol=LALIN,PROP
LH,/C13_FastQuote_Main.jsp?txtSymbol=LH,PROP
LPN,/C13_FastQuote_Main.jsp?txtSymbol=LPN,PROP
MBK,/C13_FastQuote_Main.jsp?txtSymbol=MBK,PROP
MJD,/C13_FastQuote_Main.jsp?txtSymbol=MJD,PROP
MK,/C13_FastQuote_Main.jsp?txtSymbol=MK,PROP
NCH,/C13_FastQuote_Main.jsp?txtSymbol=NCH,PROP
NNCL,/C13_FastQuote_Main.jsp?txtSymbol=NNCL,PROP
NOBLE,/C13_FastQuote_Main.jsp?txtSymbol=NOBLE,PROP
NUSA,/C13_FastQuote_Main.jsp?txtSymbol=NUSA,PROP
ORI,/C13_FastQuote_Main.jsp?txtSymbol=ORI,PROP
PACE,/C13_FastQuote_Main.jsp?txtSymbol=PACE,PROP
PF,/C13_FastQuote_Main.jsp?txtSymbol=PF,PROP
PLAT,/C13_FastQuote_Main.jsp?txtSymbol=PLAT,PROP
POLAR,/C13_FastQuote_Main.jsp?txtSymbol=POLAR,PROP
PRECHA,/C13_FastQuote_Main.jsp?txtSymbol=PRECHA,PROP
PRIN,/C13_FastQuote_Main.jsp?txtSymbol=PRIN,PROP
PRINC,/C13_FastQuote_Main.jsp?txtSymbol=PRINC,PROP
PSH,/C13_FastQuote_Main.jsp?txtSymbol=PSH,PROP
QH,/C13_FastQuote_Main.jsp?txtSymbol=QH,PROP
RICHY,/C13_FastQuote_Main.jsp?txtSymbol=RICHY,PROP
RML,/C13_FastQuote_Main.jsp?txtSymbol=RML,PROP
ROJNA,/C13_FastQuote_Main.jsp?txtSymbol=ROJNA,PROP
S,/C13_FastQuote_Main.jsp?txtSymbol=S,PROP
SAMCO,/C13_FastQuote_Main.jsp?txtSymbol=SAMCO,PROP
SC,/C13_FastQuote_Main.jsp?txtSymbol=SC,PROP
SENA,/C13_FastQuote_Main.jsp?txtSymbol=SENA,PROP
SF,/C13_FastQuote_Main.jsp?txtSymbol=SF,PROP
SIRI,/C13_FastQuote_Main.jsp?txtSymbol=SIRI,PROP
SPALI,/C13_FastQuote_Main.jsp?txtSymbol=SPALI,PROP
TFD,/C13_FastQuote_Main.jsp?txtSymbol=TFD,PROP
TICON,/C13_FastQuote_Main.jsp?txtSymbol=TICON,PROP
U,/C13_FastQuote_Main.jsp?txtSymbol=U,PROP
UV,/C13_FastQuote_Main.jsp?txtSymbol=UV,PROP
WHA,/C13_FastQuote_Main.jsp?txtSymbol=WHA,PROP
WIN,/C13_FastQuote_Main.jsp?txtSymbol=WIN,PROP
AIMIRT,/C13_FastQuote_Main.jsp?txtSymbol=AIMIRT,PF&REIT
AMATAR,/C13_FastQuote_Main.jsp?txtSymbol=AMATAR,PF&REIT
B-WORK,/C13_FastQuote_Main.jsp?txtSymbol=B-WORK,PF&REIT
BKKCP,/C13_FastQuote_Main.jsp?txtSymbol=BKKCP,PF&REIT
BOFFICE,/C13_FastQuote_Main.jsp?txtSymbol=BOFFICE,PF&REIT
CPNCG,/C13_FastQuote_Main.jsp?txtSymbol=CPNCG,PF&REIT
CPNREIT,/C13_FastQuote_Main.jsp?txtSymbol=CPNREIT,PF&REIT
CPTGF,/C13_FastQuote_Main.jsp?txtSymbol=CPTGF,PF&REIT
CRYSTAL,/C13_FastQuote_Main.jsp?txtSymbol=CRYSTAL,PF&REIT
CTARAF,/C13_FastQuote_Main.jsp?txtSymbol=CTARAF,PF&REIT
DREIT,/C13_FastQuote_Main.jsp?txtSymbol=DREIT,PF&REIT
ERWPF,/C13_FastQuote_Main.jsp?txtSymbol=ERWPF,PF&REIT
FUTUREPF,/C13_FastQuote_Main.jsp?txtSymbol=FUTUREPF,PF&REIT
GAHREIT,/C13_FastQuote_Main.jsp?txtSymbol=GAHREIT,PF&REIT
GLANDRT,/C13_FastQuote_Main.jsp?txtSymbol=GLANDRT,PF&REIT
GOLDPF,/C13_FastQuote_Main.jsp?txtSymbol=GOLDPF,PF&REIT
GVREIT,/C13_FastQuote_Main.jsp?txtSymbol=GVREIT,PF&REIT
HPF,/C13_FastQuote_Main.jsp?txtSymbol=HPF,PF&REIT
HREIT,/C13_FastQuote_Main.jsp?txtSymbol=HREIT,PF&REIT
IMPACT,/C13_FastQuote_Main.jsp?txtSymbol=IMPACT,PF&REIT
KPNPF,/C13_FastQuote_Main.jsp?txtSymbol=KPNPF,PF&REIT
LHHOTEL,/C13_FastQuote_Main.jsp?txtSymbol=LHHOTEL,PF&REIT
LHPF,/C13_FastQuote_Main.jsp?txtSymbol=LHPF,PF&REIT
LHSC,/C13_FastQuote_Main.jsp?txtSymbol=LHSC,PF&REIT
LUXF,/C13_FastQuote_Main.jsp?txtSymbol=LUXF,PF&REIT
M-II,/C13_FastQuote_Main.jsp?txtSymbol=M-II,PF&REIT
M-PAT,/C13_FastQuote_Main.jsp?txtSymbol=M-PAT,PF&REIT
M-STOR,/C13_FastQuote_Main.jsp?txtSymbol=M-STOR,PF&REIT
MIPF,/C13_FastQuote_Main.jsp?txtSymbol=MIPF,PF&REIT
MIT,/C13_FastQuote_Main.jsp?txtSymbol=MIT,PF&REIT
MJLF,/C13_FastQuote_Main.jsp?txtSymbol=MJLF,PF&REIT
MNIT,/C13_FastQuote_Main.jsp?txtSymbol=MNIT,PF&REIT
MNIT2,/C13_FastQuote_Main.jsp?txtSymbol=MNIT2,PF&REIT
MNRF,/C13_FastQuote_Main.jsp?txtSymbol=MNRF,PF&REIT
MONTRI,/C13_FastQuote_Main.jsp?txtSymbol=MONTRI,PF&REIT
POPF,/C13_FastQuote_Main.jsp?txtSymbol=POPF,PF&REIT
PPF,/C13_FastQuote_Main.jsp?txtSymbol=PPF,PF&REIT
QHHR,/C13_FastQuote_Main.jsp?txtSymbol=QHHR,PF&REIT
QHOP,/C13_FastQuote_Main.jsp?txtSymbol=QHOP,PF&REIT
QHPF,/C13_FastQuote_Main.jsp?txtSymbol=QHPF,PF&REIT
SBPF,/C13_FastQuote_Main.jsp?txtSymbol=SBPF,PF&REIT
SHREIT,/C13_FastQuote_Main.jsp?txtSymbol=SHREIT,PF&REIT
SIRIP,/C13_FastQuote_Main.jsp?txtSymbol=SIRIP,PF&REIT
SPF,/C13_FastQuote_Main.jsp?txtSymbol=SPF,PF&REIT
SRIPANWA,/C13_FastQuote_Main.jsp?txtSymbol=SRIPANWA,PF&REIT
SSPF,/C13_FastQuote_Main.jsp?txtSymbol=SSPF,PF&REIT
SSTPF,/C13_FastQuote_Main.jsp?txtSymbol=SSTPF,PF&REIT
SSTRT,/C13_FastQuote_Main.jsp?txtSymbol=SSTRT,PF&REIT
TIF1,/C13_FastQuote_Main.jsp?txtSymbol=TIF1,PF&REIT
TLGF,/C13_FastQuote_Main.jsp?txtSymbol=TLGF,PF&REIT
TLHPF,/C13_FastQuote_Main.jsp?txtSymbol=TLHPF,PF&REIT
TNPF,/C13_FastQuote_Main.jsp?txtSymbol=TNPF,PF&REIT
TPRIME,/C13_FastQuote_Main.jsp?txtSymbol=TPRIME,PF&REIT
TREIT,/C13_FastQuote_Main.jsp?txtSymbol=TREIT,PF&REIT
TTLPF,/C13_FastQuote_Main.jsp?txtSymbol=TTLPF,PF&REIT
TU-PF,/C13_FastQuote_Main.jsp?txtSymbol=TU-PF,PF&REIT
URBNPF,/C13_FastQuote_Main.jsp?txtSymbol=URBNPF,PF&REIT
WHABT,/C13_FastQuote_Main.jsp?txtSymbol=WHABT,PF&REIT
WHART,/C13_FastQuote_Main.jsp?txtSymbol=WHART,PF&REIT
BJCHI,/C13_FastQuote_Main.jsp?txtSymbol=BJCHI,CONS
CK,/C13_FastQuote_Main.jsp?txtSymbol=CK,CONS
CNT,/C13_FastQuote_Main.jsp?txtSymbol=CNT,CONS
EMC,/C13_FastQuote_Main.jsp?txtSymbol=EMC,CONS
ITD,/C13_FastQuote_Main.jsp?txtSymbol=ITD,CONS
NWR,/C13_FastQuote_Main.jsp?txtSymbol=NWR,CONS
PAE,/C13_FastQuote_Main.jsp?txtSymbol=PAE,CONS
PLE,/C13_FastQuote_Main.jsp?txtSymbol=PLE,CONS
PREB,/C13_FastQuote_Main.jsp?txtSymbol=PREB,CONS
PYLON,/C13_FastQuote_Main.jsp?txtSymbol=PYLON,CONS
SEAFCO,/C13_FastQuote_Main.jsp?txtSymbol=SEAFCO,CONS
SQ,/C13_FastQuote_Main.jsp?txtSymbol=SQ,CONS
SRICHA,/C13_FastQuote_Main.jsp?txtSymbol=SRICHA,CONS
STEC,/C13_FastQuote_Main.jsp?txtSymbol=STEC,CONS
STPI,/C13_FastQuote_Main.jsp?txtSymbol=STPI,CONS
SYNTEC,/C13_FastQuote_Main.jsp?txtSymbol=SYNTEC,CONS
TPOLY,/C13_FastQuote_Main.jsp?txtSymbol=TPOLY,CONS
TRC,/C13_FastQuote_Main.jsp?txtSymbol=TRC,CONS
TTCL,/C13_FastQuote_Main.jsp?txtSymbol=TTCL,CONS
UNIQ,/C13_FastQuote_Main.jsp?txtSymbol=UNIQ,CONS
ABPIF,/C13_FastQuote_Main.jsp?txtSymbol=ABPIF,ENERG
AI,/C13_FastQuote_Main.jsp?txtSymbol=AI,ENERG
AKR,/C13_FastQuote_Main.jsp?txtSymbol=AKR,ENERG
BAFS,/C13_FastQuote_Main.jsp?txtSymbol=BAFS,ENERG
BANPU,/C13_FastQuote_Main.jsp?txtSymbol=BANPU,ENERG
BCP,/C13_FastQuote_Main.jsp?txtSymbol=BCP,ENERG
BCPG,/C13_FastQuote_Main.jsp?txtSymbol=BCPG,ENERG
BGRIM,/C13_FastQuote_Main.jsp?txtSymbol=BGRIM,ENERG
BPP,/C13_FastQuote_Main.jsp?txtSymbol=BPP,ENERG
BRRGIF,/C13_FastQuote_Main.jsp?txtSymbol=BRRGIF,ENERG
CKP,/C13_FastQuote_Main.jsp?txtSymbol=CKP,ENERG
DEMCO,/C13_FastQuote_Main.jsp?txtSymbol=DEMCO,ENERG
EA,/C13_FastQuote_Main.jsp?txtSymbol=EA,ENERG
EARTH,/C13_FastQuote_Main.jsp?txtSymbol=EARTH,ENERG
EASTW,/C13_FastQuote_Main.jsp?txtSymbol=EASTW,ENERG
EGATIF,/C13_FastQuote_Main.jsp?txtSymbol=EGATIF,ENERG
EGCO,/C13_FastQuote_Main.jsp?txtSymbol=EGCO,ENERG
ESSO,/C13_FastQuote_Main.jsp?txtSymbol=ESSO,ENERG
GLOW,/C13_FastQuote_Main.jsp?txtSymbol=GLOW,ENERG
GPSC,/C13_FastQuote_Main.jsp?txtSymbol=GPSC,ENERG
GULF,/C13_FastQuote_Main.jsp?txtSymbol=GULF,ENERG
GUNKUL,/C13_FastQuote_Main.jsp?txtSymbol=GUNKUL,ENERG
IEC,/C13_FastQuote_Main.jsp?txtSymbol=IEC,ENERG
IFEC,/C13_FastQuote_Main.jsp?txtSymbol=IFEC,ENERG
IRPC,/C13_FastQuote_Main.jsp?txtSymbol=IRPC,ENERG
LANNA,/C13_FastQuote_Main.jsp?txtSymbol=LANNA,ENERG
MDX,/C13_FastQuote_Main.jsp?txtSymbol=MDX,ENERG
PTG,/C13_FastQuote_Main.jsp?txtSymbol=PTG,ENERG
PTT,/C13_FastQuote_Main.jsp?txtSymbol=PTT,ENERG
PTTEP,/C13_FastQuote_Main.jsp?txtSymbol=PTTEP,ENERG
RATCH,/C13_FastQuote_Main.jsp?txtSymbol=RATCH,ENERG
RPC,/C13_FastQuote_Main.jsp?txtSymbol=RPC,ENERG
SCG,/C13_FastQuote_Main.jsp?txtSymbol=SCG,ENERG
SCI,/C13_FastQuote_Main.jsp?txtSymbol=SCI,ENERG
SCN,/C13_FastQuote_Main.jsp?txtSymbol=SCN,ENERG
SGP,/C13_FastQuote_Main.jsp?txtSymbol=SGP,ENERG
SKE,/C13_FastQuote_Main.jsp?txtSymbol=SKE,ENERG
SOLAR,/C13_FastQuote_Main.jsp?txtSymbol=SOLAR,ENERG
SPCG,/C13_FastQuote_Main.jsp?txtSymbol=SPCG,ENERG
SPRC,/C13_FastQuote_Main.jsp?txtSymbol=SPRC,ENERG
SUPER,/C13_FastQuote_Main.jsp?txtSymbol=SUPER,ENERG
SUSCO,/C13_FastQuote_Main.jsp?txtSymbol=SUSCO,ENERG
TAE,/C13_FastQuote_Main.jsp?txtSymbol=TAE,ENERG
TCC,/C13_FastQuote_Main.jsp?txtSymbol=TCC,ENERG
TOP,/C13_FastQuote_Main.jsp?txtSymbol=TOP,ENERG
TPIPP,/C13_FastQuote_Main.jsp?txtSymbol=TPIPP,ENERG
TTW,/C13_FastQuote_Main.jsp?txtSymbol=TTW,ENERG
WHAUP,/C13_FastQuote_Main.jsp?txtSymbol=WHAUP,ENERG
WP,/C13_FastQuote_Main.jsp?txtSymbol=WP,ENERG
PDI,/C13_FastQuote_Main.jsp?txtSymbol=PDI,MINE
THL,/C13_FastQuote_Main.jsp?txtSymbol=THL,MINE
BEAUTY,/C13_FastQuote_Main.jsp?txtSymbol=BEAUTY,COMM
BIG,/C13_FastQuote_Main.jsp?txtSymbol=BIG,COMM
BJC,/C13_FastQuote_Main.jsp?txtSymbol=BJC,COMM
COL,/C13_FastQuote_Main.jsp?txtSymbol=COL,COMM
COM7,/C13_FastQuote_Main.jsp?txtSymbol=COM7,COMM
CPALL,/C13_FastQuote_Main.jsp?txtSymbol=CPALL,COMM
CSS,/C13_FastQuote_Main.jsp?txtSymbol=CSS,COMM
FN,/C13_FastQuote_Main.jsp?txtSymbol=FN,COMM
FTE,/C13_FastQuote_Main.jsp?txtSymbol=FTE,COMM
GLOBAL,/C13_FastQuote_Main.jsp?txtSymbol=GLOBAL,COMM
HMPRO,/C13_FastQuote_Main.jsp?txtSymbol=HMPRO,COMM
IT,/C13_FastQuote_Main.jsp?txtSymbol=IT,COMM
KAMART,/C13_FastQuote_Main.jsp?txtSymbol=KAMART,COMM
LOXLEY,/C13_FastQuote_Main.jsp?txtSymbol=LOXLEY,COMM
MAKRO,/C13_FastQuote_Main.jsp?txtSymbol=MAKRO,COMM
MC,/C13_FastQuote_Main.jsp?txtSymbol=MC,COMM
MEGA,/C13_FastQuote_Main.jsp?txtSymbol=MEGA,COMM
MIDA,/C13_FastQuote_Main.jsp?txtSymbol=MIDA,COMM
ROBINS,/C13_FastQuote_Main.jsp?txtSymbol=ROBINS,COMM
RSP,/C13_FastQuote_Main.jsp?txtSymbol=RSP,COMM
SINGER,/C13_FastQuote_Main.jsp?txtSymbol=SINGER,COMM
SPC,/C13_FastQuote_Main.jsp?txtSymbol=SPC,COMM
SPI,/C13_FastQuote_Main.jsp?txtSymbol=SPI,COMM
AHC,/C13_FastQuote_Main.jsp?txtSymbol=AHC,HELTH
BCH,/C13_FastQuote_Main.jsp?txtSymbol=BCH,HELTH
BDMS,/C13_FastQuote_Main.jsp?txtSymbol=BDMS,HELTH
BH,/C13_FastQuote_Main.jsp?txtSymbol=BH,HELTH
CHG,/C13_FastQuote_Main.jsp?txtSymbol=CHG,HELTH
CMR,/C13_FastQuote_Main.jsp?txtSymbol=CMR,HELTH
EKH,/C13_FastQuote_Main.jsp?txtSymbol=EKH,HELTH
KDH,/C13_FastQuote_Main.jsp?txtSymbol=KDH,HELTH
LPH,/C13_FastQuote_Main.jsp?txtSymbol=LPH,HELTH
M-CHAI,/C13_FastQuote_Main.jsp?txtSymbol=M-CHAI,HELTH
NEW,/C13_FastQuote_Main.jsp?txtSymbol=NEW,HELTH
NTV,/C13_FastQuote_Main.jsp?txtSymbol=NTV,HELTH
RAM,/C13_FastQuote_Main.jsp?txtSymbol=RAM,HELTH
RJH,/C13_FastQuote_Main.jsp?txtSymbol=RJH,HELTH
RPH,/C13_FastQuote_Main.jsp?txtSymbol=RPH,HELTH
SKR,/C13_FastQuote_Main.jsp?txtSymbol=SKR,HELTH
SVH,/C13_FastQuote_Main.jsp?txtSymbol=SVH,HELTH
THG,/C13_FastQuote_Main.jsp?txtSymbol=THG,HELTH
VIBHA,/C13_FastQuote_Main.jsp?txtSymbol=VIBHA,HELTH
VIH,/C13_FastQuote_Main.jsp?txtSymbol=VIH,HELTH
WPH,/C13_FastQuote_Main.jsp?txtSymbol=WPH,HELTH
AMARIN,/C13_FastQuote_Main.jsp?txtSymbol=AMARIN,MEDIA
AQUA,/C13_FastQuote_Main.jsp?txtSymbol=AQUA,MEDIA
AS,/C13_FastQuote_Main.jsp?txtSymbol=AS,MEDIA
BEC,/C13_FastQuote_Main.jsp?txtSymbol=BEC,MEDIA
EPCO,/C13_FastQuote_Main.jsp?txtSymbol=EPCO,MEDIA
FE,/C13_FastQuote_Main.jsp?txtSymbol=FE,MEDIA
GPI,/C13_FastQuote_Main.jsp?txtSymbol=GPI,MEDIA
GRAMMY,/C13_FastQuote_Main.jsp?txtSymbol=GRAMMY,MEDIA
MACO,/C13_FastQuote_Main.jsp?txtSymbol=MACO,MEDIA
MAJOR,/C13_FastQuote_Main.jsp?txtSymbol=MAJOR,MEDIA
MATCH,/C13_FastQuote_Main.jsp?txtSymbol=MATCH,MEDIA
MATI,/C13_FastQuote_Main.jsp?txtSymbol=MATI,MEDIA
MCOT,/C13_FastQuote_Main.jsp?txtSymbol=MCOT,MEDIA
MONO,/C13_FastQuote_Main.jsp?txtSymbol=MONO,MEDIA
MPIC,/C13_FastQuote_Main.jsp?txtSymbol=MPIC,MEDIA
NMG,/C13_FastQuote_Main.jsp?txtSymbol=NMG,MEDIA
PLANB,/C13_FastQuote_Main.jsp?txtSymbol=PLANB,MEDIA
POST,/C13_FastQuote_Main.jsp?txtSymbol=POST,MEDIA
PRAKIT,/C13_FastQuote_Main.jsp?txtSymbol=PRAKIT,MEDIA
RS,/C13_FastQuote_Main.jsp?txtSymbol=RS,MEDIA
SE-ED,/C13_FastQuote_Main.jsp?txtSymbol=SE-ED,MEDIA
SMM,/C13_FastQuote_Main.jsp?txtSymbol=SMM,MEDIA
SPORT,/C13_FastQuote_Main.jsp?txtSymbol=SPORT,MEDIA
TBSP,/C13_FastQuote_Main.jsp?txtSymbol=TBSP,MEDIA
TH,/C13_FastQuote_Main.jsp?txtSymbol=TH,MEDIA
TKS,/C13_FastQuote_Main.jsp?txtSymbol=TKS,MEDIA
TRITN,/C13_FastQuote_Main.jsp?txtSymbol=TRITN,MEDIA
VGI,/C13_FastQuote_Main.jsp?txtSymbol=VGI,MEDIA
WAVE,/C13_FastQuote_Main.jsp?txtSymbol=WAVE,MEDIA
WORK,/C13_FastQuote_Main.jsp?txtSymbol=WORK,MEDIA
BWG,/C13_FastQuote_Main.jsp?txtSymbol=BWG,PROF
GENCO,/C13_FastQuote_Main.jsp?txtSymbol=GENCO,PROF
PRO,/C13_FastQuote_Main.jsp?txtSymbol=PRO,PROF
ASIA,/C13_FastQuote_Main.jsp?txtSymbol=ASIA,TOURISM
CENTEL,/C13_FastQuote_Main.jsp?txtSymbol=CENTEL,TOURISM
CSR,/C13_FastQuote_Main.jsp?txtSymbol=CSR,TOURISM
DTC,/C13_FastQuote_Main.jsp?txtSymbol=DTC,TOURISM
ERW,/C13_FastQuote_Main.jsp?txtSymbol=ERW,TOURISM
GRAND,/C13_FastQuote_Main.jsp?txtSymbol=GRAND,TOURISM
LRH,/C13_FastQuote_Main.jsp?txtSymbol=LRH,TOURISM
MANRIN,/C13_FastQuote_Main.jsp?txtSymbol=MANRIN,TOURISM
OHTL,/C13_FastQuote_Main.jsp?txtSymbol=OHTL,TOURISM
ROH,/C13_FastQuote_Main.jsp?txtSymbol=ROH,TOURISM
SHANG,/C13_FastQuote_Main.jsp?txtSymbol=SHANG,TOURISM
AAV,/C13_FastQuote_Main.jsp?txtSymbol=AAV,TRANS
AOT,/C13_FastQuote_Main.jsp?txtSymbol=AOT,TRANS
ASIMAR,/C13_FastQuote_Main.jsp?txtSymbol=ASIMAR,TRANS
B,/C13_FastQuote_Main.jsp?txtSymbol=B,TRANS
BA,/C13_FastQuote_Main.jsp?txtSymbol=BA,TRANS
BEM,/C13_FastQuote_Main.jsp?txtSymbol=BEM,TRANS
BTS,/C13_FastQuote_Main.jsp?txtSymbol=BTS,TRANS
BTSGIF,/C13_FastQuote_Main.jsp?txtSymbol=BTSGIF,TRANS
III,/C13_FastQuote_Main.jsp?txtSymbol=III,TRANS
JUTHA,/C13_FastQuote_Main.jsp?txtSymbol=JUTHA,TRANS
JWD,/C13_FastQuote_Main.jsp?txtSymbol=JWD,TRANS
KWC,/C13_FastQuote_Main.jsp?txtSymbol=KWC,TRANS
NOK,/C13_FastQuote_Main.jsp?txtSymbol=NOK,TRANS
NYT,/C13_FastQuote_Main.jsp?txtSymbol=NYT,TRANS
PRM,/C13_FastQuote_Main.jsp?txtSymbol=PRM,TRANS
PSL,/C13_FastQuote_Main.jsp?txtSymbol=PSL,TRANS
RCL,/C13_FastQuote_Main.jsp?txtSymbol=RCL,TRANS
THAI,/C13_FastQuote_Main.jsp?txtSymbol=THAI,TRANS
TSTE,/C13_FastQuote_Main.jsp?txtSymbol=TSTE,TRANS
TTA,/C13_FastQuote_Main.jsp?txtSymbol=TTA,TRANS
WICE,/C13_FastQuote_Main.jsp?txtSymbol=WICE,TRANS
CCET,/C13_FastQuote_Main.jsp?txtSymbol=CCET,ETRON
DELTA,/C13_FastQuote_Main.jsp?txtSymbol=DELTA,ETRON
EIC,/C13_FastQuote_Main.jsp?txtSymbol=EIC,ETRON
HANA,/C13_FastQuote_Main.jsp?txtSymbol=HANA,ETRON
KCE,/C13_FastQuote_Main.jsp?txtSymbol=KCE,ETRON
METCO,/C13_FastQuote_Main.jsp?txtSymbol=METCO,ETRON
SMT,/C13_FastQuote_Main.jsp?txtSymbol=SMT,ETRON
SPPT,/C13_FastQuote_Main.jsp?txtSymbol=SPPT,ETRON
SVI,/C13_FastQuote_Main.jsp?txtSymbol=SVI,ETRON
TEAM,/C13_FastQuote_Main.jsp?txtSymbol=TEAM,ETRON
ADVANC,/C13_FastQuote_Main.jsp?txtSymbol=ADVANC,ICT
AIT,/C13_FastQuote_Main.jsp?txtSymbol=AIT,ICT
ALT,/C13_FastQuote_Main.jsp?txtSymbol=ALT,ICT
BLISS,/C13_FastQuote_Main.jsp?txtSymbol=BLISS,ICT
CSL,/C13_FastQuote_Main.jsp?txtSymbol=CSL,ICT
DIF,/C13_FastQuote_Main.jsp?txtSymbol=DIF,ICT
DTAC,/C13_FastQuote_Main.jsp?txtSymbol=DTAC,ICT
FER,/C13_FastQuote_Main.jsp?txtSymbol=FER,ICT
FORTH,/C13_FastQuote_Main.jsp?txtSymbol=FORTH,ICT
HUMAN,/C13_FastQuote_Main.jsp?txtSymbol=HUMAN,ICT
ILINK,/C13_FastQuote_Main.jsp?txtSymbol=ILINK,ICT
INET,/C13_FastQuote_Main.jsp?txtSymbol=INET,ICT
INTUCH,/C13_FastQuote_Main.jsp?txtSymbol=INTUCH,ICT
JAS,/C13_FastQuote_Main.jsp?txtSymbol=JAS,ICT
JASIF,/C13_FastQuote_Main.jsp?txtSymbol=JASIF,ICT
JMART,/C13_FastQuote_Main.jsp?txtSymbol=JMART,ICT
JTS,/C13_FastQuote_Main.jsp?txtSymbol=JTS,ICT
MFEC,/C13_FastQuote_Main.jsp?txtSymbol=MFEC,ICT
MSC,/C13_FastQuote_Main.jsp?txtSymbol=MSC,ICT
PT,/C13_FastQuote_Main.jsp?txtSymbol=PT,ICT
SAMART,/C13_FastQuote_Main.jsp?txtSymbol=SAMART,ICT
SAMTEL,/C13_FastQuote_Main.jsp?txtSymbol=SAMTEL,ICT
SDC,/C13_FastQuote_Main.jsp?txtSymbol=SDC,ICT
SIS,/C13_FastQuote_Main.jsp?txtSymbol=SIS,ICT
SVOA,/C13_FastQuote_Main.jsp?txtSymbol=SVOA,ICT
SYMC,/C13_FastQuote_Main.jsp?txtSymbol=SYMC,ICT
SYNEX,/C13_FastQuote_Main.jsp?txtSymbol=SYNEX,ICT
THCOM,/C13_FastQuote_Main.jsp?txtSymbol=THCOM,ICT
TRUE,/C13_FastQuote_Main.jsp?txtSymbol=TRUE,ICT
TWZ,/C13_FastQuote_Main.jsp?txtSymbol=TWZ,ICT
